32.536382,-86.64449,-6
30.659218,-87.746067,-6
31.87067,-85.405456,-6
33.015893,-87.127148,-6
33.977448,-86.567246,-6
32.101759,-85.717261,-6
31.751667,-86.681969,-6
33.771706,-85.822513,-6
32.917943,-85.391812,-6
34.069515,-85.654242,-6
32.85406,-86.726628,-6
31.991008,-88.248887,-6
31.685521,-87.818624,-6
33.267809,-85.862051,-6
33.671981,-85.516109,-6
31.402183,-85.989201,-6
34.703112,-87.801457,-6
31.428293,-86.992029,-6
32.931445,-86.243482,-6
31.243987,-86.448721,-6
31.732826,-86.319222,-6
34.131923,-86.869267,-6
31.430654,-85.609476,-6
32.33354,-87.114356,-6
34.460929,-85.803992,-6
32.597229,-86.142739,-6
31.121748,-87.168429,-6
34.047638,-86.03442,-6
33.732249,-87.752049,-6
34.441988,-87.842815,-6
31.090866,-85.824346,-6
32.844497,-87.964201,-6
32.752796,-87.623061,-6
31.516978,-85.239971,-6
31.158193,-85.296398,-6
34.763522,-85.9774,-6
33.553444,-86.896536,-6
33.787085,-88.087431,-6
34.904122,-87.650997,-6
34.529776,-87.321865,-6
32.604064,-85.353048,-6
34.810239,-86.9814,-6
32.147888,-86.650586,-6
32.387027,-85.692887,-6
34.764238,-86.55108,-6
32.247591,-87.791091,-6
34.138219,-87.881551,-6
34.309564,-86.321668,-6
30.684573,-88.196568,-6
31.580332,-87.383266,-6
32.203651,-86.203831,-6
34.454484,-86.846402,-6
32.639005,-87.293827,-6
33.296809,-88.096878,-6
31.798726,-85.941997,-6
33.296475,-85.464068,-6
32.289811,-85.18698,-6
33.712963,-86.315663,-6
33.262937,-86.678104,-6
32.597481,-88.200057,-6
33.369277,-86.175805,-6
32.863369,-85.799553,-6
33.290202,-87.52286,-6
33.791571,-87.301092,-6
31.406974,-88.202078,-6
31.99033,-87.302205,-6
34.155888,-87.364147 ,-6
55.243722,-161.950749 ,-9
51.959447,-178.338813 ,-10
61.177549,-149.274354 ,-9
60.928916,-160.15335 ,-9
58.731373,-156.986612 ,-9
63.682732,-150.026719 ,-9
59.824816,-158.602233 ,-9
64.690832,-146.599867 ,-9
59.099905,-135.578102 ,-9
58.076434,-135.1851 ,-9
58.3727,-134.178781 ,-9
60.366373,-152.321973 ,-9
55.449938,-131.106685 ,-9
57.553611,-153.630911 ,-9
58.205065,-156.705188 ,-9
62.182174,-149.407974 ,-9
64.783686,-164.188912 ,-9
69.449343,-153.47283 ,-9
67.005066,-160.021086 ,-9
56.639612,-133.527996 ,-9
55.415683,-132.875734 ,-9
57.142509,-135.332624 ,-9
59.575097,-135.335418 ,-9
63.864997,-143.218628 ,-9
61.34984,-145.023141 ,-9
62.283174,-163.19095 ,-9
56.279121,-132.040326 ,-9
59.999083,-140.239593 ,-9
65.376131,-151.576855 ,-9
35.385845,-109.493747 ,-7
31.881793,-109.75412 ,-7
35.829692,-111.773728 ,-7
33.789618,-110.81187 ,-7
32.931828,-109.87831 ,-7
33.238872,-109.242323 ,-7
33.727625,-114.038793 ,-7
33.346541,-112.495534 ,-7
35.717705,-113.749689 ,-7
35.390934,-110.320908 ,-7
32.128237,-111.783018 ,-7
32.91891,-111.367257 ,-7
31.525904,-110.84519 ,-7
34.630044,-112.573745 ,-7
32.773942,-113.910905 ,-7
34.289574,-91.376547 ,-6
33.190835,-91.772267 ,-6
36.28071,-92.330438 ,-6
36.337825,-94.256187 ,-6
36.304308,-93.079204 ,-6
33.463819,-92.168164 ,-6
33.56046,-92.513879 ,-6
36.337774,-93.541663 ,-6
33.267139,-91.297158 ,-6
34.053312,-93.176205 ,-6
36.367302,-90.418704 ,-6
35.566288,-92.059974 ,-6
33.893201,-92.188714 ,-6
33.21507,-93.226901 ,-6
35.265702,-92.689248 ,-6
35.828268,-90.630411 ,-6
35.583041,-94.236224 ,-6
35.211878,-90.315331 ,-6
35.291259,-90.773894 ,-6
33.967823,-92.653999 ,-6
33.828748,-91.244427 ,-6
33.587242,-91.722778 ,-6
35.146356,-92.324654 ,-6
35.508573,-93.887672 ,-6
36.383443,-91.819239 ,-6
34.578861,-93.146915 ,-6
34.288063,-92.423984 ,-6
36.119922,-90.565241 ,-6
33.728611,-93.665809 ,-6
34.315177,-92.944147 ,-6
34.083179,-93.990988 ,-6
35.737499,-91.559942 ,-6
36.094879,-91.913625 ,-6
35.596605,-91.223178 ,-6
34.277696,-91.930701 ,-6
35.573359,-93.466322 ,-6
33.24066,-93.611643 ,-6
36.041098,-91.101153 ,-6
34.77975,-90.779288 ,-6
33.957665,-91.727624 ,-6
33.699497,-94.229774 ,-6
35.21855,-93.720563 ,-6
34.755114,-91.894132 ,-6
36.012545,-93.724053 ,-6
36.266656,-92.678588 ,-6
33.305505,-93.901509 ,-6
35.766943,-90.052209 ,-6
34.679513,-91.203314 ,-6
34.545652,-93.664147 ,-6
33.666699,-93.305072 ,-6
35.910063,-93.215084 ,-6
33.591158,-92.878418 ,-6
34.946363,-92.926877 ,-6
34.425842,-90.848386 ,-6
34.158191,-93.658659 ,-6
35.568981,-90.680595 ,-6
34.490915,-94.230884 ,-6
35.455297,-93.031535 ,-6
34.828225,-91.5572 ,-6
34.773988,-92.316515 ,-6
36.341299,-91.028441 ,-6
35.014438,-90.742199 ,-6
34.648525,-92.674463 ,-6
34.858869,-94.063641 ,-6
35.90966,-92.699351 ,-6
35.196981,-94.274989 ,-6
33.994608,-94.24329 ,-6
36.173399,-91.471069 ,-6
35.856989,-92.140494 ,-6
33.168219,-92.598145 ,-6
35.582959,-92.515977 ,-6
35.971209,-94.218417 ,-6
35.254722,-91.753158 ,-6
35.189071,-91.244418 ,-6
34.997713,-93.408303 ,-6
37.648081,-121.913304 ,-8
38.61761,-119.798999 ,-8
38.44355,-120.653856 ,-8
39.665959,-121.601919 ,-8
38.187844,-120.555115 ,-8
39.177739,-122.237563 ,-8
37.919479,-121.951543 ,-8
41.749903,-123.980998 ,-8
38.785532,-120.534398 ,-8
36.761006,-119.655019 ,-8
39.602546,-122.4017 ,-8
40.706673,-123.925818 ,-8
33.040816,-115.355395 ,-8
36.561977,-117.403927 ,-8
35.346629,-118.729506 ,-8
36.072478,-119.81553 ,-8
39.094802,-122.746757 ,-8
40.721089,-120.629931 ,-8
34.196398,-118.261862 ,-8
37.210039,-119.749852 ,-8
38.051817,-122.745974 ,-8
37.570034,-119.91286 ,-8
39.432388,-123.442881 ,-8
37.194806,-120.722802 ,-8
41.592919,-120.71837 ,-8
37.915836,-118.875167 ,-8
36.240107,-121.315573 ,-8
38.507351,-122.325995 ,-8
39.295191,-120.773446 ,-8
33.675687,-117.777207 ,-8
39.062032,-120.722718 ,-8
39.99517,-120.829516 ,-8
33.729828,-116.002239 ,-8
38.450011,-121.340441 ,-8
36.610702,-121.085296 ,-8
34.85722,-116.181197 ,-8
33.023604,-116.776117 ,-8
37.727239,-123.032229 ,-8
37.935034,-121.272237 ,-8
35.385227,-120.44754 ,-8
37.414664,-122.371542 ,-8
34.537378,-120.038485 ,-8
37.220777,-121.690622 ,-8
37.012488,-122.007205 ,-8
40.760522,-122.04355 ,-8
39.576925,-120.521993 ,-8
41.587986,-122.533287 ,-8
38.267226,-121.939594 ,-8
38.532574,-122.945194 ,-8
37.562384,-121.002656 ,-8
39.035257,-121.702758 ,-8
40.126156,-122.232276 ,-8
40.647724,-123.114404 ,-8
36.230453,-118.780542 ,-8
38.021451,-119.964708 ,-8
34.358742,-119.133143 ,-8
38.679268,-121.903178 ,-8
39.270026,-121.34428 ,-8
39.874325,-104.331872 ,-7
37.568442,-105.788041 ,-7
39.644632,-104.331733 ,-7
37.202395,-107.050863 ,-7
37.303144,-102.535457 ,-7
37.931891,-103.077584 ,-7
40.094826,-105.398382 ,-7
39.953383,-105.052125 ,-7
38.738246,-106.316972 ,-7
38.835387,-102.604585 ,-7
39.689403,-105.670791 ,-7
37.213407,-106.176447 ,-7
37.277547,-105.42894 ,-7
38.321956,-103.787562 ,-7
38.101994,-105.373515 ,-7
38.861756,-107.864757 ,-7
39.761849,-104.880625 ,-7
37.747602,-108.530383 ,-7
39.326435,-104.926199 ,-7
39.630638,-106.692944 ,-7
39.310817,-104.117928 ,-7
38.827383,-104.527472 ,-7
38.455658,-105.421438 ,-7
39.599352,-107.90978 ,-7
39.861082,-105.528947 ,-7
40.123289,-106.095876 ,-7
38.669679,-107.078108 ,-7
37.811625,-107.383405 ,-7
37.687815,-104.959928 ,-7
40.663432,-106.329248 ,-7
39.58646,-105.245601 ,-7
38.388466,-102.75621 ,-7
39.30534,-102.603023 ,-7
39.204316,-106.349696 ,-7
37.287367,-107.839718 ,-7
40.663091,-105.482131 ,-7
37.318831,-104.04411 ,-7
38.99374,-103.507555 ,-7
40.728091,-103.090464 ,-7
39.019492,-108.461837 ,-7
37.651478,-106.9323 ,-7
40.573984,-108.204521 ,-7
37.338025,-108.595786 ,-7
38.413427,-108.263042 ,-7
40.262354,-103.807092 ,-7
37.88417,-103.72126 ,-7
38.1506,-107.767133 ,-7
39.118914,-105.717648 ,-7
40.594712,-102.345105 ,-7
39.217533,-106.915943 ,-7
37.958181,-102.392161 ,-7
38.170658,-104.489893 ,-7
39.972606,-108.200685 ,-7
37.485763,-106.453214 ,-7
40.48316,-106.985289 ,-7
38.033952,-106.246675 ,-7
37.781075,-107.670257 ,-7
38.009374,-108.427326 ,-7
40.871568,-102.355358 ,-7
39.621023,-106.137555 ,-7
38.871994,-105.182552 ,-7
39.965413,-103.209605 ,-7
40.555794,-104.383649 ,-7
40.000631,-102.422649 ,-7
41.228103,-73.366757 ,-5
41.806053,-72.732916 ,-5
41.791897,-73.235428 ,-5
41.434525,-72.524227 ,-5
41.349717,-72.900204 ,-5
41.47863,-72.103452 ,-5
41.858076,-72.340977 ,-5
41.824999,-71.990702 ,-5
39.097088,-75.502982 ,-5
39.575915,-75.644132 ,-5
38.677511,-75.335495 ,-5
38.904149,-77.017094 ,-5
29.67574,-82.357221 ,-5
30.324442,-82.302284 ,-5
30.237563,-85.631348 ,-6
29.946934,-82.166796 ,-5
28.298276,-80.700384 ,-5
26.19352,-80.476658 ,-5
30.388801,-85.197916 ,-6
26.868826,-81.940858 ,-5
28.843628,-82.524796 ,-5
29.987116,-81.858147 ,-5
26.118713,-81.400884 ,-5
30.221305,-82.623127 ,-5
27.190581,-81.806253 ,-5
29.580899,-83.195666 ,-5
30.335245,-81.648113 ,-5
30.611664,-87.33904 ,-6
29.474894,-81.286362 ,-5
29.810176,-84.799174 ,-5
30.57917,-84.612783 ,-5
29.723456,-82.795801 ,-5
26.95481,-81.19082 ,-5
29.907257,-85.256537 ,-6
30.491102,-82.951049 ,-5
27.492846,-81.82158 ,-5
26.53934,-81.151584 ,-5
28.567911,-82.464835 ,-5
27.342627,-81.340921 ,-5
27.90659,-82.349568 ,-5
30.866222,-85.812959 ,-6
27.700638,-80.574803 ,-5
30.787812,-85.210374 ,-6
30.424558,-83.890859 ,-5
29.990066,-83.17851 ,-5
28.764113,-81.712282 ,-5
26.552134,-81.89225 ,-5
30.45931,-84.2778 ,-5
29.284409,-82.783483 ,-5
30.259849,-84.868581 ,-5
30.447228,-83.470437 ,-5
27.481386,-82.365784 ,-5
29.202805,-82.0431 ,-5
27.079954,-80.398211 ,-5
25.610494,-80.499045 ,-5
25.601043,-81.206777 ,-5
30.605926,-81.764929 ,-5
30.665858,-86.594194 ,-6
27.385592,-80.887388 ,-5
28.514435,-81.323295 ,-5
28.059027,-81.139312 ,-5
26.645763,-80.448673 ,-5
28.302024,-82.455707 ,-5
27.903122,-82.739518 ,-5
27.953115,-81.692783 ,-5
29.606006,-81.740894 ,-5
29.890593,-81.383914 ,-5
27.380775,-80.443364 ,-5
30.703633,-87.014255 ,-6
27.184386,-82.365835 ,-5
28.690079,-81.13198 ,-5
28.714294,-82.074715 ,-5
30.189244,-82.992754 ,-5
30.016943,-83.616417 ,-5
30.05428,-82.366918 ,-5
29.057617,-81.161813 ,-5
30.140378,-84.375136 ,-5
30.631211,-86.176614 ,-6
30.602217,-85.662797 ,-6
31.739712,-82.290103 ,-5
31.300562,-82.883614 ,-5
31.563327,-82.387859 ,-5
31.319622,-84.454857 ,-5
33.059532,-83.255362 ,-5
34.351922,-83.498441 ,-5
33.992009,-83.712303 ,-5
34.240918,-84.838188 ,-5
31.740776,-83.14719 ,-5
31.274308,-83.231906 ,-5
32.808844,-83.694193 ,-5
32.435403,-83.331717 ,-5
31.197334,-81.982978 ,-5
30.833696,-83.588971 ,-5
32.017969,-81.438543 ,-5
32.393408,-81.74381 ,-5
33.063737,-82.00389 ,-5
33.290355,-83.958221 ,-5
31.521279,-84.62629 ,-5
30.916358,-81.636516 ,-5
32.403986,-82.071446 ,-5
33.582237,-85.080527 ,-5
34.899393,-85.137353 ,-5
30.779904,-82.139644 ,-5
31.974756,-81.091768 ,-5
32.347445,-84.788021 ,-5
34.474179,-85.345289 ,-5
34.244317,-84.475057 ,-5
33.952234,-83.36713 ,-5
31.619831,-84.992583 ,-5
33.552242,-84.412977 ,-5
30.917653,-82.702614 ,-5
33.93994,-84.574166 ,-5
31.549245,-82.844938 ,-5
31.189758,-83.769741 ,-5
33.550556,-82.251342 ,-5
31.152935,-83.429552 ,-5
33.352897,-84.762138 ,-5
32.709446,-83.979182 ,-5
31.914753,-83.753338 ,-5
34.852424,-85.506201 ,-5
34.442842,-84.173284 ,-5
30.877961,-84.577744 ,-5
33.770661,-84.226343 ,-5
32.160656,-83.156818 ,-5
32.151995,-83.807167 ,-5
31.535068,-84.214444 ,-5
33.699317,-84.765944 ,-5
31.324191,-84.906723 ,-5
30.7085,-82.836132 ,-5
32.361711,-81.343337 ,-5
34.115017,-82.842057 ,-5
32.5911,-82.299763 ,-5
32.151902,-81.887618 ,-5
34.863837,-84.319287 ,-5
33.412717,-84.493941 ,-5
34.263677,-85.21373 ,-5
34.225143,-84.127336 ,-5
34.375155,-83.227291 ,-5
33.790034,-84.468182 ,-5
34.690541,-84.453984 ,-5
33.227491,-82.606913 ,-5
31.212747,-81.496517 ,-5
34.509667,-84.873862 ,-5
30.875863,-84.244772 ,-5
33.576836,-83.167103 ,-5
33.959101,-84.022938 ,-5
34.635108,-83.526406 ,-5
34.317588,-83.818497 ,-5
33.26922,-83.000465 ,-5
33.795165,-85.220062 ,-5
32.731549,-84.912432 ,-5
34.348733,-82.96329 ,-5
33.290968,-85.139594 ,-5
33.452881,-84.15444 ,-5
32.458381,-83.662856 ,-5
31.604306,-83.277037 ,-5
34.134157,-83.565133 ,-5
33.314905,-83.687892 ,-5
31.811615,-82.636825 ,-5
33.051874,-82.41905 ,-5
32.794563,-81.971524 ,-5
32.689831,-82.661354 ,-5
33.020226,-83.562339 ,-5
33.07446,-84.146721 ,-5
31.038197,-83.063164 ,-5
32.39322,-82.926317 ,-5
31.818419,-84.146681 ,-5
31.807245,-81.457969 ,-5
33.792151,-82.448299 ,-5
31.749563,-81.74287 ,-5
30.83368,-83.268967 ,-5
34.568149,-83.998828 ,-5
33.482464,-82.473188 ,-5
31.482978,-81.370199 ,-5
32.366216,-84.052162 ,-5
34.128486,-83.203637 ,-5
32.359538,-84.529561 ,-5
33.03022,-84.663279 ,-5
31.162908,-84.730386 ,-5
31.22894,-84.192407 ,-5
33.017435,-83.922938 ,-5
32.172108,-82.533349 ,-5
33.593732,-83.492324 ,-5
34.797097,-84.73799 ,-5
32.510197,-84.874946 ,-5
33.544046,-83.855189 ,-5
33.834125,-83.437728 ,-5
33.866806,-83.074081 ,-5
33.920903,-84.866979 ,-5
32.571324,-83.831978 ,-5
34.456621,-84.490256 ,-5
31.353988,-82.210427 ,-5
33.090769,-84.386627 ,-5
33.995961,-85.186826 ,-5
32.238794,-83.481855 ,-5
33.321061,-83.37179 ,-5
31.861487,-85.009317 ,-5
34.883026,-83.404735 ,-5
31.762651,-84.752311 ,-5
33.361487,-82.074998 ,-5
33.652081,-84.02637 ,-5
32.263441,-84.322724 ,-5
32.744751,-81.617585 ,-5
30.933894,-84.867592 ,-5
33.262389,-84.286067 ,-5
34.552914,-83.290216 ,-5
32.073225,-84.834912 ,-5
32.042203,-84.204283 ,-5
32.704603,-84.530029 ,-5
33.559314,-82.875208 ,-5
32.043768,-82.059208 ,-5
32.554667,-84.251426 ,-5
31.913639,-82.931062 ,-5
31.777191,-84.439446 ,-5
30.864616,-83.919783 ,-5
31.457003,-83.525931 ,-5
32.126698,-82.332071 ,-5
34.90265,-83.732158 ,-5
32.409586,-82.570882 ,-5
33.034482,-85.02836 ,-5
31.718232,-83.628567 ,-5
32.665847,-83.425879 ,-5
34.83377,-83.989573 ,-5
32.881837,-84.292281 ,-5
34.735827,-85.305385 ,-5
33.782649,-83.734215 ,-5
31.050881,-82.421507 ,-5
33.419169,-82.688012 ,-5
32.971848,-82.798112 ,-5
31.547845,-81.912376 ,-5
32.046554,-84.553218 ,-5
32.109276,-82.738701 ,-5
34.643677,-83.743713 ,-5
34.801726,-84.968541 ,-5
31.962717,-83.438262 ,-5
33.77904,-82.747922 ,-5
32.804321,-83.175587 ,-5
31.551773,-83.84996 ,-5
19.597764,-155.502443 ,-10
21.461364,-158.201976 ,-10
21.218764,-156.97401 ,-10
22.012038,-159.705965 ,-10
20.855931,-156.60155 ,-10
43.447861,-116.244456 ,-7
44.884583,-116.431873 ,-7
42.692939,-112.228986 ,-7
42.285833,-111.327445 ,-7
47.218451,-116.633541 ,-8
43.216357,-112.399206 ,-7
43.394482,-113.95529 ,-7
43.987275,-115.715111 ,-7
48.312512,-116.59694 ,-8
43.395171,-111.621878 ,-7
48.773065,-116.524619 ,-8
43.6851,-113.177627 ,-7
43.463396,-114.804427 ,-7
43.623051,-116.708527 ,-7
42.786273,-111.544172 ,-7
42.288635,-113.605498 ,-7
44.286251,-112.36112 ,-7
46.67257,-115.6535 ,-8
44.273341,-114.252251 ,-7
43.394826,-115.470751 ,-7
42.173589,-111.822955 ,-7
44.218091,-111.484429 ,-7
44.061473,-116.398784 ,-7
42.973185,-114.82142 ,-7
45.849237,-115.467376 ,-8
43.796965,-112.318588 ,-7
42.691172,-114.263009 ,-7
47.677113,-116.694918 ,-8
46.81892,-116.730974 ,-8
44.928789,-113.887841 ,-7
46.236328,-116.42376 ,-8
42.986181,-114.153899 ,-7
43.789709,-111.65655 ,-7
42.856937,-113.64001 ,-7
46.333766,-116.760903 ,-8
42.18389,-112.520465 ,-7
42.593063,-116.142655 ,-7
44.00274,-116.748655 ,-7
42.694126,-112.844407 ,-7
47.347694,-115.885092 ,-8
43.760994,-111.211765 ,-7
42.352309,-114.665639 ,-7
44.771532,-115.637875 ,-7
44.448213,-116.79783 ,-7
39.986053,-91.194961 ,-6
37.183683,-89.349506 ,-6
38.885924,-89.436592 ,-6
42.318983,-88.824295 ,-6
39.962069,-90.75031 ,-6
41.401304,-89.528377 ,-6
39.164262,-90.666295 ,-6
42.059084,-89.926485 ,-6
39.969202,-90.245705 ,-6
40.13915,-88.197201 ,-6
39.545524,-89.279593 ,-6
39.332364,-87.791687 ,-6
38.747312,-88.483789 ,-6
38.606423,-89.423136 ,-6
39.51368,-88.220782 ,-6
41.894294,-87.645455 ,-6
39.00373,-87.757172 ,-6
39.273121,-88.240619 ,-6
41.894613,-88.768991 ,-6
40.181499,-88.901853 ,-6
39.766078,-88.222866 ,-6
41.852058,-88.086038 ,-6
39.679037,-87.74711 ,-6
38.417095,-88.047941 ,-6
39.047694,-88.592786 ,-6
39.001125,-89.017923 ,-6
40.594423,-88.224746 ,-6
37.991848,-88.926246 ,-6
40.465688,-90.206793 ,-6
37.768677,-88.227964 ,-6
39.355444,-90.387757 ,-6
41.29241,-88.401055 ,-6
38.085226,-88.539005 ,-6
40.405792,-91.167988 ,-6
37.517852,-88.266148 ,-6
40.815141,-90.93848 ,-6
41.350021,-90.130838 ,-6
40.748867,-87.833601 ,-6
37.786096,-89.381212 ,-6
39.004874,-88.150763 ,-6
38.30078,-88.92421 ,-6
39.080192,-90.361365 ,-6
42.362391,-90.211471 ,-6
37.460815,-88.882962 ,-6
41.939594,-88.42804 ,-6
41.139494,-87.861125 ,-6
41.58814,-88.430626 ,-6
40.930941,-90.213761 ,-6
42.326444,-87.436118 ,-6
41.343341,-88.885931 ,-6
38.718954,-87.730221 ,-6
41.747442,-89.299351 ,-6
40.894376,-88.552852 ,-6
40.12907,-89.365308 ,-6
40.455789,-90.677579 ,-6
42.324298,-88.452245 ,-6
40.494559,-88.844539 ,-6
39.860237,-88.961529 ,-6
39.2659,-89.926344 ,-6
38.827082,-89.900195 ,-6
38.648396,-88.920221 ,-6
41.031119,-89.342371 ,-6
40.236993,-89.913575 ,-6
37.216119,-88.705658 ,-6
40.022569,-89.794133 ,-6
41.204791,-90.741433 ,-6
38.277983,-90.179078 ,-6
39.228092,-89.478007 ,-6
39.716806,-90.202277 ,-6
39.636896,-88.625726 ,-6
42.041884,-89.320176 ,-6
40.785999,-89.767358 ,-6
38.084385,-89.368487 ,-6
40.009056,-88.592328 ,-6
39.625106,-90.889034 ,-6
37.417169,-88.542374 ,-6
37.215615,-89.127755 ,-6
41.19894,-89.298386 ,-6
38.056515,-89.82121 ,-6
38.71155,-88.085698 ,-6
41.468404,-90.572203 ,-6
38.470198,-89.928546 ,-6
37.751653,-88.545031 ,-6
39.756378,-89.662311 ,-6
40.156905,-90.613464 ,-6
39.63698,-90.477759 ,-6
39.384926,-88.798862 ,-6
41.096908,-89.797411 ,-6
42.349726,-89.665994 ,-6
40.508074,-89.51626 ,-6
37.475104,-89.252875 ,-6
40.18674,-87.726772 ,-6
38.445821,-87.839167 ,-6
40.850441,-90.620223 ,-6
38.353141,-89.417187 ,-6
38.431948,-88.432129 ,-6
38.087372,-88.178585 ,-6
41.750571,-89.910957 ,-6
41.448474,-87.978456 ,-6
37.730353,-88.930018 ,-6
42.337396,-89.161205 ,-6
40.789596,-89.210301 ,-6
40.745733,-84.936131 ,-5
41.091855,-85.07223 ,-5
39.205843,-85.897999 ,-5
40.608253,-87.315479 ,-5
40.472672,-85.32373 ,-5
40.050892,-86.469014 ,-5
39.192585,-86.23941 ,-5
40.58498,-86.565141 ,-5
40.753799,-86.355169 ,-5
38.476217,-85.711122 ,-5
39.393951,-87.115837 ,-5
40.305944,-86.477567 ,-5
38.289433,-86.440871 ,-5
38.696155,-87.076988 ,-5
39.151491,-84.97346 ,-5
39.30598,-85.499831 ,-5
41.401189,-85.000185 ,-5
40.227165,-85.398856 ,-5
38.373344,-86.873385 ,-5
41.600693,-85.863986 ,-5
39.639655,-85.185032 ,-5
38.317937,-85.911474 ,-5
40.121282,-87.234806 ,-5
39.409762,-85.066964 ,-5
41.050384,-86.265006 ,-5
38.317413,-87.580566 ,-6
40.515758,-85.654946 ,-5
39.0486,-87.005245 ,-5
40.04987,-86.020586 ,-5
39.822604,-85.772904 ,-5
38.18644,-86.103681 ,-5
39.768749,-86.510287 ,-5
39.929576,-85.397338 ,-5
40.483537,-86.114118 ,-5
40.826394,-85.478598 ,-5
38.911957,-86.042516 ,-5
41.017688,-87.118814 ,-6
40.434972,-85.00338 ,-5
38.783604,-85.44009 ,-5
38.996234,-85.628111 ,-5
39.495986,-86.0946 ,-5
38.688663,-87.420182 ,-5
41.244293,-85.861575 ,-5
41.642468,-85.426302 ,-5
41.472239,-87.374337 ,-6
41.549011,-86.744729 ,-6
38.839815,-86.48782 ,-5
40.166203,-85.722454 ,-5
39.782976,-86.135794 ,-5
41.325003,-86.269036 ,-5
38.705322,-86.801847 ,-5
40.772881,-86.044259 ,-5
39.160751,-86.523325 ,-5
40.040296,-86.892715 ,-5
39.482646,-86.447457 ,-5
40.962399,-87.402172 ,-6
41.400794,-85.41785 ,-5
38.940527,-84.964299 ,-5
38.547381,-86.489257 ,-5
39.317339,-86.838845 ,-5
39.77425,-87.19695 ,-5
38.081436,-86.62654 ,-6
38.397898,-87.232532 ,-5
41.509922,-87.071308 ,-6
38.027614,-87.868653 ,-6
41.045272,-86.692538 ,-5
39.665545,-86.853325 ,-5
40.164414,-85.005004 ,-5
39.10023,-85.260541 ,-5
39.622312,-85.466527 ,-5
41.617699,-86.288159 ,-5
38.679431,-85.751898 ,-5
39.524135,-85.792174 ,-5
38.009789,-87.010645 ,-6
41.28322,-86.64757 ,-6
41.643437,-85.002467 ,-5
39.089225,-87.415843 ,-5
38.825846,-85.029679 ,-5
40.38926,-86.893943 ,-5
40.310229,-86.056207 ,-5
39.623111,-84.925152 ,-5
38.02007,-87.586166 ,-6
39.854045,-87.462071 ,-5
39.429143,-87.390375 ,-5
40.843717,-85.795175 ,-5
40.352658,-87.375847 ,-5
38.097764,-87.272023 ,-6
38.600613,-86.104751 ,-5
39.863091,-85.006735 ,-5
40.735273,-85.212974 ,-5
40.75095,-86.864293 ,-5
41.136426,-85.501892 ,-5
41.328528,-94.478164 ,-6
41.021656,-94.696906 ,-6
43.274964,-91.382751 ,-6
40.744683,-92.870345 ,-6
41.679178,-94.904312 ,-6
42.092547,-92.05763 ,-6
42.472888,-92.306059 ,-6
42.038601,-93.939138 ,-6
42.78089,-92.327586 ,-6
42.470328,-91.838666 ,-6
42.741522,-95.141433 ,-6
42.734708,-92.780066 ,-6
42.38617,-94.643683 ,-6
42.039492,-94.867647 ,-6
41.333824,-94.933302 ,-6
41.772355,-91.13219 ,-6
43.075171,-93.251266 ,-6
42.742738,-95.633262 ,-6
43.059741,-92.31721 ,-6
41.029191,-93.784096 ,-6
43.079822,-95.149726 ,-6
42.840998,-91.323511 ,-6
41.898073,-90.534243 ,-6
42.043119,-95.38909 ,-6
41.685321,-94.040707 ,-6
40.748089,-92.410345 ,-6
40.736379,-93.78458 ,-6
42.473003,-91.359443 ,-6
40.915339,-91.186925 ,-6
43.389611,-95.196057 ,-6
42.463481,-90.878771 ,-6
43.377984,-94.66937 ,-6
42.86445,-91.839373 ,-6
43.052741,-92.787367 ,-6
42.736549,-93.271425 ,-6
40.743726,-95.599516 ,-6
42.042494,-94.388703 ,-6
42.403323,-92.790261 ,-6
41.683573,-94.501272 ,-6
42.390768,-93.709198 ,-6
43.075411,-93.743697 ,-6
42.389955,-93.241081 ,-6
41.688584,-95.827149 ,-6
40.985864,-91.54427 ,-6
43.365313,-92.321908 ,-6
42.782221,-94.202775 ,-6
42.39186,-95.507421 ,-6
41.683918,-92.059123 ,-6
42.164281,-90.574597 ,-6
41.685686,-93.052971 ,-6
41.00688,-91.967137 ,-6
41.668737,-91.588812 ,-6
42.125118,-91.116914 ,-6
41.331182,-92.167721 ,-6
43.212478,-94.213983 ,-6
40.647588,-91.477157 ,-6
42.077951,-91.597674 ,-6
41.218211,-91.256994 ,-6
41.033344,-93.331467 ,-6
43.38358,-96.207201 ,-6
41.330622,-94.015184 ,-6
41.330797,-92.636366 ,-6
41.331455,-93.093849 ,-6
42.041691,-92.981452 ,-6
41.033703,-95.619101 ,-6
43.348564,-92.784466 ,-6
42.049432,-95.956566 ,-6
41.028847,-92.869642 ,-6
41.021735,-95.15779 ,-6
41.483776,-91.118699 ,-6
43.083746,-95.625624 ,-6
43.378542,-95.633788 ,-6
40.73909,-95.14429 ,-6
43.075854,-94.667297 ,-6
42.737585,-96.215864 ,-6
42.734033,-94.678279 ,-6
41.684281,-93.56972 ,-6
41.340184,-95.544905 ,-6
41.684526,-92.522882 ,-6
40.735334,-94.244251 ,-6
42.387526,-95.105224 ,-6
41.641679,-90.62229 ,-6
41.679014,-95.308917 ,-6
43.082854,-96.177929 ,-6
42.037538,-93.466093 ,-6
42.074848,-92.529412 ,-6
40.737949,-94.697108 ,-6
41.02855,-94.245091 ,-6
40.754117,-91.952943 ,-6
41.031263,-92.409482 ,-6
41.336769,-93.564366 ,-6
41.329401,-91.725052 ,-6
40.739983,-93.332613 ,-6
42.434397,-94.179157 ,-6
43.378124,-93.743488 ,-6
43.292989,-91.850788 ,-6
42.39322,-96.053296 ,-6
43.373491,-93.248533 ,-6
42.733007,-93.734735 ,-6
37.884229,-95.300945 ,-6
38.215114,-95.292046 ,-6
39.532544,-95.313398 ,-6
37.222906,-98.685052 ,-6
38.481239,-98.767837 ,-6
37.8561,-94.850928 ,-6
39.825931,-95.569905 ,-6
37.773681,-96.838762 ,-6
38.298553,-96.594064 ,-6
37.154259,-96.245396 ,-6
37.169392,-94.845698 ,-6
39.789256,-101.727302 ,-6
37.233831,-99.813869 ,-6
39.344964,-97.168853 ,-6
39.487329,-97.64139 ,-6
38.23645,-95.729137 ,-6
37.189071,-99.254089 ,-6
37.234507,-96.837247 ,-6
37.505628,-94.853941 ,-6
39.783542,-100.459708 ,-6
38.867735,-97.157943 ,-6
39.788502,-95.147225 ,-6
38.896573,-95.290529 ,-6
37.883595,-99.304746 ,-6
37.456026,-96.244642 ,-6
38.914596,-99.317329 ,-6
38.700845,-98.205355 ,-6
38.049855,-100.739929 ,-6
37.688365,-99.884734 ,-6
38.558019,-95.278962 ,-6
39.002155,-96.768038 ,-6
38.917239,-100.48736 ,-6
39.349445,-99.880952 ,-6
37.547537,-101.299362 ,-6
37.744513,-100.451716 ,-6
38.480408,-101.805984 ,-7
37.878659,-96.242232 ,-6
37.995244,-101.793689 ,-7
37.188184,-98.06659 ,-6
38.050144,-97.436707 ,-6
37.55855,-100.876869 ,-6
38.087493,-99.898407 ,-6
39.410989,-95.794509 ,-6
39.239644,-95.375314 ,-6
39.77701,-98.222584 ,-6
38.883907,-94.82233 ,-6
37.994461,-101.308136 ,-6
37.552951,-98.144529 ,-6
37.561231,-99.286539 ,-6
37.191468,-95.297473 ,-6
38.481286,-100.466185 ,-6
39.189511,-95.038977 ,-6
39.047276,-98.214265 ,-6
38.216549,-94.844932 ,-6
38.91327,-101.157407 ,-6
38.455498,-96.161589 ,-6
38.395812,-97.647489 ,-6
38.359647,-97.102771 ,-6
39.782709,-96.521243 ,-6
37.243886,-100.360094 ,-6
38.566772,-94.832963 ,-6
39.393026,-98.207362 ,-6
37.189537,-95.742403 ,-6
38.687696,-96.644905 ,-6
37.18525,-101.809516 ,-6
39.791043,-96.005381 ,-6
37.564283,-95.315683 ,-6
38.480437,-99.908745 ,-6
39.783867,-99.899235 ,-6
38.649706,-95.727275 ,-6
39.348649,-98.767876 ,-6
39.137963,-97.654803 ,-6
38.182873,-99.232154 ,-6
39.784506,-99.34215 ,-6
39.382187,-96.337113 ,-6
37.647594,-98.74012 ,-6
39.786198,-101.076738 ,-6
37.948185,-98.078346 ,-6
39.82891,-97.650921 ,-6
38.347178,-98.201415 ,-6
39.291211,-96.727489 ,-6
39.346006,-99.324492 ,-6
38.523592,-99.309183 ,-6
38.916839,-98.765638 ,-6
38.786327,-97.650153 ,-6
38.481877,-100.90636 ,-6
37.683807,-97.459451 ,-6
37.180585,-100.854741 ,-6
39.041805,-95.755664 ,-6
39.350543,-100.441206 ,-6
39.351352,-101.719859 ,-7
39.78466,-98.78543 ,-6
38.03563,-98.719889 ,-6
37.565932,-101.789383 ,-6
37.202356,-101.315796 ,-6
37.236663,-97.493349 ,-6
39.357706,-101.083439 ,-6
38.921302,-99.865423 ,-6
38.955154,-96.201262 ,-6
38.926626,-101.771103 ,-7
39.776714,-97.095611 ,-6
38.481922,-101.347434 ,-6
37.558515,-95.745175 ,-6
37.888484,-95.757553 ,-6
39.115384,-94.763087 ,-6
37.105541,-85.281401 ,-6
36.75077,-86.192458 ,-6
38.005396,-84.986417 ,-5
37.05112,-89.009178 ,-6
36.963614,-85.92499 ,-6
38.152249,-83.737641 ,-5
36.72268,-83.681046 ,-5
38.974595,-84.731444 ,-5
38.202562,-84.20986 ,-5
38.360004,-82.681406 ,-5
37.6182,-84.873016 ,-5
38.678523,-84.100355 ,-5
37.521178,-83.322401 ,-5
37.778109,-86.432829 ,-6
37.969572,-85.703036 ,-5
37.207013,-86.682471 ,-6
37.148643,-87.87051 ,-6
36.620978,-88.274086 ,-6
38.946981,-84.379583 ,-5
36.857726,-88.975757 ,-6
38.668284,-85.124083 ,-5
38.309555,-83.048821 ,-5
37.321962,-84.92822 ,-5
36.893388,-87.493554 ,-6
37.970133,-84.144974 ,-5
37.164466,-83.710763 ,-5
36.729124,-85.153499 ,-6
37.358149,-88.10501 ,-6
36.784227,-85.393499 ,-6
37.731671,-87.087139 ,-6
37.227856,-86.217778 ,-6
38.116425,-83.097541 ,-5
37.69246,-83.963927 ,-5
38.040157,-84.458443 ,-5
38.368431,-83.706152 ,-5
37.558283,-82.740337 ,-5
38.234919,-84.868786 ,-5
36.55262,-89.187723 ,-6
38.760184,-84.862114 ,-5
37.630162,-84.545856 ,-5
38.64921,-84.625946 ,-5
36.723344,-88.649897 ,-6
37.458577,-86.344011 ,-6
37.269637,-85.561403 ,-6
38.563596,-82.933833 ,-5
37.843389,-86.792773 ,-6
37.695836,-85.963183 ,-5
36.859223,-83.221497 ,-5
38.443489,-84.332796 ,-5
37.313856,-85.881995 ,-6
37.792542,-87.572577 ,-6
38.451561,-85.120079 ,-5
36.675916,-88.97202 ,-6
37.31107,-87.542196 ,-6
37.40332,-84.020686 ,-5
38.189533,-85.657624 ,-5
37.873291,-84.58396 ,-5
37.84926,-82.830639 ,-5
38.930477,-84.533492 ,-5
37.354703,-82.949138 ,-5
36.887476,-83.85563 ,-5
37.545518,-85.697209 ,-5
37.113268,-84.119395 ,-5
38.074459,-82.738305 ,-5
37.605383,-83.718497 ,-5
37.087846,-83.388616 ,-5
37.118503,-82.861175 ,-5
38.532051,-83.373303 ,-5
37.457257,-84.658074 ,-5
37.209517,-88.363426 ,-6
36.859829,-86.881436 ,-6
37.023976,-88.083391 ,-6
37.053688,-88.712378 ,-6
36.731136,-84.491052 ,-5
37.530575,-87.262931 ,-6
37.723528,-84.277008 ,-5
37.698954,-83.069716 ,-5
37.552247,-85.269242 ,-5
36.882017,-88.332752 ,-6
37.796774,-82.506623 ,-5
38.594068,-83.828052 ,-5
37.967476,-86.200863 ,-5
37.950715,-83.597345 ,-5
37.812085,-84.879695 ,-5
36.990394,-85.629554 ,-6
36.714077,-85.713508 ,-6
38.038138,-83.912338 ,-5
37.92294,-83.258944 ,-5
37.213816,-87.134092 ,-6
37.803188,-85.465955 ,-5
38.337132,-84.025554 ,-5
37.477859,-86.844871 ,-6
38.400046,-85.456059 ,-5
38.499603,-84.841509 ,-5
37.423452,-83.691566 ,-5
38.690765,-84.354041 ,-5
37.241282,-83.217772 ,-5
37.482067,-82.402869 ,-5
37.810379,-83.826985 ,-5
37.108312,-84.579986 ,-5
38.513826,-84.063757 ,-5
37.36122,-84.314419 ,-5
38.205894,-83.425969 ,-5
36.989127,-85.058976 ,-6
38.289882,-84.579376 ,-5
38.239426,-85.22836 ,-5
36.740863,-86.581464 ,-6
38.026976,-85.321525 ,-5
37.365106,-85.326698 ,-5
36.840338,-87.183642 ,-6
36.807681,-87.858652 ,-6
38.618193,-85.355171 ,-5
37.658029,-87.95165 ,-6
36.995634,-86.423579 ,-6
37.754209,-85.175416 ,-5
36.802011,-84.83044 ,-5
37.520021,-87.685095 ,-6
36.758021,-84.14455 ,-5
37.743774,-83.495068 ,-5
38.042789,-84.748147 ,-5
30.291497,-92.411037 ,-6
30.652744,-92.819605 ,-6
30.202946,-90.910023 ,-6
29.899884,-91.050528 ,-6
31.085094,-91.993798 ,-6
30.645018,-93.340253 ,-6
32.344268,-93.061513 ,-6
32.696202,-93.617977 ,-6
32.577195,-93.882423 ,-6
30.229559,-93.358015 ,-6
32.101244,-92.11418 ,-6
29.871989,-93.165437 ,-6
31.666517,-91.846703 ,-6
32.827585,-92.991125 ,-6
31.469806,-91.626314 ,-6
32.059248,-93.740797 ,-6
30.544002,-91.093174 ,-6
32.73017,-91.234141 ,-6
30.839784,-91.043434 ,-6
30.720693,-92.404086 ,-6
32.138279,-91.672101 ,-6
31.597787,-92.561716 ,-6
29.606013,-91.842706 ,-6
30.288394,-91.36315 ,-6
32.30448,-92.556672 ,-6
29.5033,-90.036231 ,-6
30.269529,-92.816221 ,-6
30.206507,-92.06417 ,-6
29.491993,-90.394849 ,-6
31.680836,-92.161809 ,-6
32.601148,-92.662082 ,-6
30.440419,-90.727474 ,-6
32.365824,-91.240729 ,-6
32.820008,-91.800399 ,-6
31.734982,-93.086106 ,-6
30.068636,-89.939007 ,-6
32.477495,-92.154798 ,-6
29.402337,-89.298489 ,-6
30.708319,-91.604621 ,-6
31.193204,-92.535953 ,-6
32.101213,-93.34905 ,-6
32.418121,-91.758375 ,-6
31.560209,-93.559228 ,-6
29.91811,-89.263494 ,-6
29.913833,-90.359314 ,-6
30.821423,-90.70935 ,-6
30.02482,-90.793956 ,-6
30.117471,-90.504677 ,-6
30.583441,-91.989275 ,-6
30.121433,-91.611481 ,-6
29.629349,-91.463804 ,-6
30.410022,-89.951962 ,-6
30.621581,-90.406633 ,-6
32.001489,-91.342576 ,-6
29.333266,-90.844191 ,-6
32.829349,-92.37565 ,-6
29.786872,-92.29009 ,-6
31.110563,-93.18152 ,-6
30.852144,-90.046253 ,-6
32.732152,-93.339825 ,-6
30.464052,-91.309808 ,-6
32.79248,-91.451998 ,-6
30.872701,-91.421008 ,-6
31.941187,-92.641269 ,-6
44.167681,-70.207435 ,-5
46.727057,-68.64941 ,-5
43.808348,-70.330375 ,-5
44.973012,-70.444727 ,-5
44.564906,-68.370703 ,-5
44.417012,-69.765764 ,-5
44.042045,-69.038515 ,-5
43.994265,-69.514029 ,-5
44.494585,-70.734688 ,-5
45.390602,-68.657487 ,-5
45.917678,-69.104548 ,-5
43.916694,-69.843994 ,-5
45.507482,-69.97604 ,-5
44.505361,-69.139678 ,-5
44.967009,-67.609354 ,-5
43.427239,-70.670402 ,-5
39.612309,-78.703108 ,-5
38.993374,-76.560511 ,-5
39.443167,-76.616569 ,-5
38.521358,-76.525864 ,-5
38.871531,-75.831631 ,-5
39.563189,-77.015512 ,-5
39.562352,-75.941584 ,-5
38.472853,-77.015427 ,-5
38.429196,-76.047433 ,-5
39.470427,-77.397627 ,-5
39.529871,-79.269416 ,-5
39.537429,-76.299789 ,-5
39.252264,-76.924406 ,-5
39.239177,-76.1242 ,-5
39.137382,-77.203063 ,-5
38.82588,-76.847272 ,-5
39.040693,-76.082405 ,-5
38.222666,-76.534271 ,-5
38.07445,-75.853323 ,-5
38.749427,-76.17913 ,-5
39.603621,-77.814671 ,-5
38.367389,-75.632206 ,-5
38.222133,-75.309932 ,-5
39.300214,-76.610516 ,-5
41.798819,-70.211083 ,-5
42.375314,-73.213948 ,-5
41.748576,-71.087062 ,-5
41.380939,-70.701536 ,-5
42.642711,-70.865107 ,-5
42.583791,-72.591655 ,-5
42.136198,-72.635648 ,-5
42.339459,-72.663694 ,-5
42.479477,-71.396507 ,-5
41.305878,-70.14191 ,-5
42.169703,-71.179875 ,-5
41.987196,-70.741942 ,-5
42.33196,-71.020173 ,-5
42.311693,-71.940282 ,-5
44.682535,-82.83408 ,-5
47.080077,-86.564108 ,-5
42.595788,-86.634745 ,-5
44.894954,-83.426574 ,-5
45.005457,-85.175625 ,-5
44.03687,-83.740675 ,-5
46.696068,-88.356022 ,-5
42.582811,-85.31455 ,-5
43.699711,-83.978701 ,-5
44.648621,-86.494317 ,-5
41.792639,-86.741822 ,-5
41.918585,-85.066523 ,-5
42.24299,-85.012385 ,-5
41.91624,-85.999457 ,-5
45.513164,-85.450392 ,-5
45.47612,-84.495271 ,-5
46.321819,-84.52063 ,-5
43.991137,-84.838325 ,-5
42.950455,-84.591695 ,-5
44.680208,-84.611132 ,-5
45.805101,-86.901373 ,-5
46.012823,-87.866119 ,-6
42.589614,-84.846524 ,-5
45.590094,-84.986822 ,-5
43.021077,-83.706372 ,-5
43.98975,-84.389816 ,-5
46.488054,-89.788314 ,-6
44.718688,-85.553848 ,-5
43.292326,-84.60469 ,-5
41.864475,-84.642409 ,-5
46.998305,-88.652066 ,-5
43.907616,-82.857045 ,-5
42.603534,-84.373811 ,-5
42.94465,-85.073766 ,-5
44.329482,-82.849447 ,-5
46.170249,-88.540409 ,-6
43.645233,-84.839425 ,-5
42.248474,-84.420868 ,-5
42.246266,-85.532854 ,-5
44.678881,-85.088992 ,-5
43.032497,-85.547446 ,-5
47.681981,-88.148802 ,-5
43.995187,-85.8114 ,-5
43.088633,-83.224325 ,-5
45.146182,-86.051574 ,-5
41.895915,-84.066853 ,-5
42.602532,-83.911718 ,-5
46.940602,-85.582368 ,-5
46.167981,-85.303756 ,-5
42.671467,-82.910869 ,-5
44.350385,-86.602967 ,-5
46.656597,-87.584028 ,-5
43.996636,-86.750814 ,-5
43.635295,-85.332751 ,-5
45.544174,-87.509892 ,-6
43.648378,-84.37922 ,-5
44.325424,-85.085471 ,-5
41.916097,-83.487106 ,-5
43.312782,-85.149468 ,-5
45.024134,-84.130107 ,-5
43.289258,-86.751892 ,-5
43.562709,-85.791423 ,-5
42.660452,-83.38421 ,-5
43.647255,-86.807575 ,-5
44.33328,-84.128073 ,-5
47.216604,-89.500461 ,-5
43.997552,-85.322283 ,-5
44.685121,-84.124894 ,-5
45.021794,-84.576597 ,-5
42.942346,-86.655342 ,-5
45.489515,-83.384019 ,-5
44.339517,-84.611272 ,-5
43.328267,-84.05541 ,-5
42.928804,-82.668914 ,-5
41.911488,-85.52287 ,-5
43.449155,-82.642815 ,-5
46.020758,-86.199352 ,-5
42.951545,-84.146352 ,-5
43.487902,-83.436618 ,-5
42.283986,-86.305697 ,-5
42.252327,-83.844634 ,-5
42.284664,-83.261953 ,-5
44.331375,-85.570046 ,-5
46.602446,-93.41976 ,-6
45.27411,-93.242723 ,-6
46.937629,-95.741757 ,-6
47.878825,-94.986698 ,-6
45.701227,-94.00144 ,-6
45.419925,-96.402226 ,-6
44.038225,-94.064071 ,-6
44.246542,-94.733647 ,-6
46.603818,-92.671044 ,-6
44.821381,-93.800575 ,-6
46.951427,-94.333773 ,-6
45.028625,-95.564108 ,-6
45.505444,-92.903849 ,-6
46.898377,-96.494901 ,-6
47.575873,-95.371117 ,-6
47.538571,-90.29019 ,-6
44.010711,-95.18313 ,-6
46.491114,-94.071213 ,-6
44.670893,-93.062481 ,-6
44.020706,-92.869353 ,-6
45.936429,-95.46061 ,-6
43.676522,-93.947234 ,-6
43.67727,-92.093681 ,-6
43.674202,-93.350289 ,-6
44.406178,-92.716 ,-6
45.930743,-96.010699 ,-6
45.006064,-93.475185 ,-6
43.66699,-91.501556 ,-6
47.095551,-94.91329 ,-6
45.562431,-93.296339 ,-6
47.490843,-93.613128 ,-6
43.673025,-95.149704 ,-6
45.94776,-93.297788 ,-6
45.152714,-95.004981 ,-6
48.77604,-96.780349 ,-6
48.24549,-93.782842 ,-6
44.999855,-96.176836 ,-6
47.517111,-91.411704 ,-6
48.7681,-94.904634 ,-6
44.373397,-93.73018 ,-6
44.408238,-96.272032 ,-6
44.409195,-95.847268 ,-6
44.821644,-94.27232 ,-6
47.325842,-95.810703 ,-6
48.362728,-96.357761 ,-6
43.677118,-94.537198 ,-6
45.123156,-94.527346 ,-6
45.929043,-93.632996 ,-6
46.020484,-94.266619 ,-6
43.666249,-92.759514 ,-6
44.015594,-95.761581 ,-6
44.35882,-94.245685 ,-6
43.677686,-95.763132 ,-6
47.32947,-96.463807 ,-6
44.00343,-92.406722 ,-6
46.405725,-95.714578 ,-6
48.069247,-96.037725 ,-6
46.10094,-92.763094 ,-6
44.015361,-96.257015 ,-6
47.774254,-96.400027 ,-6
45.589623,-95.446705 ,-6
45.01525,-93.100141 ,-6
47.865487,-96.08718 ,-6
44.403536,-95.254242 ,-6
44.723697,-94.955617 ,-6
44.350943,-93.298503 ,-6
43.669587,-96.263238 ,-6
48.761066,-95.82153 ,-6
47.583852,-92.463645 ,-6
44.651932,-93.534553 ,-6
45.443171,-93.775092 ,-6
44.575734,-94.230123 ,-6
45.555235,-94.610482 ,-6
44.015261,-93.220453 ,-6
45.593461,-95.992315 ,-6
45.27545,-95.690398 ,-6
46.066569,-94.900576 ,-6
45.76984,-96.475049 ,-6
44.289693,-92.233341 ,-6
46.586784,-94.988331 ,-6
44.01846,-93.589844 ,-6
45.037929,-92.890117 ,-6
43.978366,-94.614128 ,-6
46.362335,-96.476657 ,-6
43.982268,-91.776708 ,-6
45.175091,-93.966397 ,-6
44.715736,-95.862756 ,-6
31.486218,-91.351781 ,-6
34.886648,-88.581014 ,-6
31.203933,-90.795542 ,-6
33.09047,-89.588622 ,-6
34.810773,-89.200029 ,-6
33.799278,-90.884476 ,-6
33.936634,-89.337114 ,-6
33.440795,-89.918887 ,-6
33.921654,-88.945808 ,-6
33.345964,-89.251332 ,-6
31.97281,-90.915424 ,-6
32.048448,-88.685964 ,-6
33.661734,-88.783326 ,-6
34.22867,-90.603165 ,-6
31.866915,-90.448758 ,-6
31.633331,-89.548897 ,-6
34.874266,-89.99324 ,-6
31.18858,-89.259447 ,-6
31.477798,-90.895884 ,-6
30.855431,-88.642268 ,-6
31.212846,-88.634811 ,-6
33.770031,-89.80274 ,-6
30.391437,-89.47985 ,-6
30.416536,-89.083376 ,-6
32.267924,-90.4659 ,-6
33.125942,-90.091197 ,-6
33.132978,-90.523911 ,-6
32.754977,-90.988552 ,-6
34.281075,-88.363127 ,-6
30.458491,-88.619991 ,-6
32.016989,-89.11943 ,-6
31.733633,-91.043878 ,-6
31.564734,-89.826626 ,-6
31.621044,-89.167262 ,-6
32.750136,-88.625631 ,-6
34.349298,-89.485903 ,-6
31.197135,-89.514952 ,-6
32.403998,-88.660449 ,-6
31.550009,-90.10753 ,-6
32.753268,-89.522568 ,-6
34.288965,-88.680887 ,-6
33.54979,-90.294934 ,-6
31.535216,-90.453566 ,-6
33.471424,-88.439723 ,-6
32.63437,-90.03416 ,-6
31.230126,-89.821736 ,-6
34.76619,-89.504231 ,-6
33.89003,-88.485038 ,-6
33.500714,-89.639625 ,-6
32.752518,-89.119274 ,-6
32.40197,-89.118412 ,-6
33.10627,-88.565787 ,-6
33.422313,-88.876151 ,-6
34.365205,-89.963065 ,-6
30.773791,-89.586832 ,-6
31.169307,-88.988755 ,-6
31.177517,-90.397725 ,-6
34.227081,-89.037239 ,-6
34.620866,-88.52224 ,-6
34.25264,-90.290525 ,-6
32.262057,-89.946552 ,-6
32.427127,-89.533209 ,-6
32.89249,-90.827388 ,-6
31.902503,-89.917707 ,-6
32.019034,-89.494973 ,-6
30.790184,-89.112297 ,-6
33.605529,-90.59509 ,-6
33.955891,-90.172833 ,-6
34.649553,-89.943105 ,-6
34.763618,-88.918819 ,-6
34.737699,-88.236067 ,-6
34.652201,-90.37177 ,-6
34.489101,-89.0023 ,-6
31.164492,-90.103431 ,-6
32.357005,-90.851791 ,-6
33.273131,-90.94443 ,-6
31.64476,-88.682057 ,-6
33.612048,-89.283836 ,-6
31.160249,-91.325567 ,-6
33.078724,-89.037391 ,-6
34.030669,-89.703793 ,-6
32.765675,-90.387928 ,-6
40.190666,-92.603592 ,-6
39.988863,-94.803551 ,-6
40.431846,-95.437555 ,-6
39.21448,-91.843415 ,-6
36.699378,-93.834326 ,-6
37.500799,-94.344089 ,-6
38.257217,-94.339246 ,-6
38.301036,-93.287942 ,-6
37.318349,-90.024601 ,-6
38.989657,-92.310779 ,-6
39.66037,-94.808173 ,-6
36.71518,-90.40313 ,-6
39.658998,-93.979179 ,-6
38.835966,-91.924089 ,-6
38.031995,-92.765138 ,-6
37.383882,-89.684908 ,-6
39.427375,-93.500227 ,-6
36.944783,-90.945626 ,-6
38.647159,-94.354242 ,-6
37.733655,-93.850014 ,-6
39.517969,-92.961621 ,-6
36.969739,-93.187614 ,-6
40.407275,-91.729472 ,-6
39.315551,-94.421502 ,-6
39.608723,-94.395803 ,-6
38.506847,-92.271404 ,-6
38.845386,-92.812323 ,-6
37.966561,-91.313933 ,-6
37.43235,-93.854878 ,-6
37.683583,-93.033812 ,-6
39.962839,-93.970053 ,-6
39.894665,-94.40719 ,-6
37.60325,-91.495916 ,-6
36.946517,-92.515892 ,-6
36.153025,-90.062254 ,-6
38.408313,-91.07341 ,-6
38.441183,-91.50578 ,-6
40.209379,-94.40411 ,-6
37.258196,-93.340641 ,-6
40.112541,-93.565054 ,-6
40.34562,-93.992582 ,-6
38.386491,-93.792628 ,-6
37.9367,-93.322835 ,-6
40.095724,-95.219072 ,-6
39.143365,-92.695926 ,-6
36.774369,-91.887368 ,-6
37.62596,-90.699627 ,-6
39.007233,-94.342507 ,-6
37.200865,-94.338869 ,-6
38.257414,-90.543138 ,-6
38.74588,-93.805999 ,-6
40.136776,-92.146809 ,-6
37.65969,-92.594832 ,-6
39.068705,-93.802639 ,-6
37.106135,-93.833262 ,-6
40.084559,-91.728803 ,-6
39.058568,-90.957771 ,-6
39.86444,-93.108019 ,-6
39.778587,-93.548201 ,-6
36.630218,-94.343956 ,-6
39.829795,-92.56434 ,-6
37.473235,-90.345453 ,-6
38.162615,-91.923601 ,-6
39.807538,-91.635379 ,-6
40.421414,-93.567631 ,-6
38.21672,-92.429871 ,-6
36.826264,-89.295929 ,-6
38.633037,-92.583642 ,-6
39.49827,-92.006458 ,-6
38.935162,-91.465437 ,-6
38.420807,-92.874835 ,-6
36.594261,-89.655949 ,-6
36.908017,-94.334741 ,-6
40.360484,-94.883281 ,-6
36.684867,-91.402902 ,-6
38.464254,-91.859504 ,-6
36.649643,-92.45858 ,-6
36.209916,-89.785942 ,-6
37.71113,-89.802125 ,-6
38.727367,-93.285207 ,-6
37.866326,-91.790349 ,-6
39.344178,-91.171042 ,-6
39.378696,-94.761472 ,-6
37.616761,-93.400817 ,-6
37.824835,-92.207022 ,-6
40.478606,-93.014531 ,-6
39.553455,-91.524787 ,-6
39.441601,-92.492725 ,-6
39.308401,-93.995746 ,-6
37.360857,-90.969516 ,-6
36.648902,-90.86706 ,-6
38.781102,-90.674915 ,-6
38.039069,-93.773077 ,-6
37.89018,-90.18117 ,-6
37.810707,-90.473868 ,-6
38.640702,-90.445954 ,-6
39.13584,-93.204164 ,-6
40.469361,-92.519016 ,-6
40.447686,-92.142824 ,-6
37.047793,-89.568098 ,-6
37.15198,-91.398364 ,-6
39.797531,-92.088719 ,-6
36.855428,-89.941735 ,-6
36.747857,-93.467782 ,-6
40.209587,-93.109783 ,-6
36.649827,-93.042819 ,-6
37.314257,-91.964478 ,-6
37.850196,-94.341597 ,-6
38.761902,-91.159307 ,-6
37.942315,-90.897056 ,-6
37.113825,-90.460868 ,-6
37.280804,-92.87608 ,-6
40.480482,-94.419129 ,-6
37.267636,-92.48001 ,-6
38.635699,-90.244582 ,-6
45.133863,-112.892869 ,-7
45.407869,-107.518163 ,-7
48.428282,-108.967648 ,-7
46.334476,-111.496103 ,-7
45.224475,-109.028551 ,-7
45.516825,-104.515324 ,-7
47.316443,-111.350571 ,-7
47.886837,-110.436189 ,-7
46.261481,-105.550508 ,-7
48.794429,-105.541739 ,-7
47.272425,-104.901027 ,-7
46.099059,-113.139108 ,-7
46.318184,-104.405718 ,-7
47.222997,-109.22328 ,-7
48.314696,-114.054319 ,-7
45.535559,-111.173443 ,-7
47.281174,-106.982212 ,-7
48.705671,-112.990502 ,-7
46.380624,-109.174586 ,-7
46.395358,-113.425683 ,-7
48.628331,-110.106372 ,-7
46.126557,-112.056771 ,-7
47.032558,-110.30532 ,-7
47.642901,-114.083687 ,-7
47.122133,-112.382954 ,-7
48.559654,-111.036924 ,-7
48.542232,-115.404343 ,-7
47.629628,-105.757222 ,-7
45.319288,-111.917328 ,-7
46.585706,-110.921781 ,-7
47.155213,-115.06455 ,-7
47.027263,-113.892681 ,-7
46.505665,-108.436982 ,-7
45.421905,-110.532798 ,-7
47.141917,-108.226575 ,-7
48.250155,-107.928833 ,-7
48.230312,-112.219928 ,-7
45.40889,-105.555259 ,-7
46.844225,-112.9311 ,-7
46.852434,-105.375808 ,-7
46.079298,-114.119065 ,-7
47.785513,-104.563387 ,-7
48.282747,-104.99517 ,-7
46.161734,-106.701953 ,-7
47.756469,-115.180225 ,-7
48.705523,-104.533913 ,-7
45.895959,-112.660222 ,-7
45.663496,-109.391752 ,-7
45.81306,-109.941312 ,-7
47.819035,-112.281725 ,-7
48.645052,-111.733493 ,-7
46.209636,-107.280494 ,-7
48.365713,-106.687883 ,-7
46.497047,-109.857147 ,-7
46.962866,-104.274466 ,-7
45.936987,-108.276656 ,-7
40.520632,-98.500044 ,-6
42.183225,-98.058037 ,-6
41.570856,-101.697045 ,-7
41.53975,-103.726263 ,-7
41.92523,-99.990771 ,-6
41.7054,-98.066794 ,-6
42.215665,-103.087821 ,-7
42.894448,-98.773022 ,-6
42.34939,-99.923176 ,-6
40.855226,-99.074983 ,-6
41.854179,-96.337746 ,-6
41.226072,-97.13204 ,-6
40.909878,-96.140609 ,-6
42.604511,-97.256824 ,-6
40.53039,-101.694192 ,-7
42.566985,-101.072622 ,-7
41.214236,-103.011929 ,-7
40.523669,-98.05105 ,-6
41.574675,-97.089455 ,-6
41.915865,-96.788517 ,-6
41.393893,-99.726866 ,-6
42.390456,-96.562549 ,-6
42.711214,-103.134872 ,-7
40.867378,-99.815154 ,-6
41.112988,-102.332604 ,-7
42.48528,-96.855862 ,-6
41.577008,-96.645853 ,-6
41.297091,-96.154066 ,-6
40.180165,-101.681133 ,-7
40.52504,-97.596705 ,-6
40.183203,-98.96208 ,-6
40.530947,-100.406683 ,-6
40.191991,-99.909661 ,-6
40.255234,-96.683453 ,-6
41.659381,-102.328229 ,-7
41.905572,-98.922998 ,-6
40.509838,-99.824078 ,-6
41.915867,-101.756875 ,-7
41.5676,-98.530566 ,-6
40.866023,-98.498004 ,-6
40.877145,-98.021943 ,-6
40.178766,-99.403418 ,-6
40.535786,-101.05558 ,-6
40.176896,-101.044217 ,-6
42.459287,-98.784766 ,-6
41.9187,-101.11681 ,-7
41.219403,-98.513303 ,-6
40.175736,-97.143103 ,-6
40.395457,-96.268562 ,-6
40.506269,-98.948461 ,-6
41.194404,-101.644474 ,-7
42.87548,-99.718351 ,-6
41.199155,-103.711105 ,-7
42.634405,-97.891349 ,-6
40.783547,-96.688658 ,-6
41.050322,-100.744481 ,-6
41.542156,-100.443665 ,-6
41.897714,-99.509764 ,-6
41.596473,-101.060237 ,-6
41.909929,-97.606856 ,-6
41.169801,-98.031051 ,-6
41.732205,-102.990599 ,-7
41.402386,-97.991408 ,-6
40.387448,-95.850954 ,-6
40.176492,-98.046842 ,-6
40.637992,-96.131027 ,-6
40.13785,-96.245225 ,-6
40.856065,-101.636443 ,-7
40.516365,-99.406557 ,-6
42.271413,-97.610992 ,-6
41.576866,-97.513467 ,-6
41.187925,-97.570663 ,-6
40.16942,-100.468576 ,-6
40.123743,-95.718603 ,-6
42.413325,-99.45853 ,-6
40.516802,-97.131755 ,-6
41.115064,-96.109125 ,-6
41.223152,-96.640923 ,-6
41.851589,-103.70586 ,-7
40.871944,-97.140383 ,-6
42.507074,-102.389698 ,-7
41.218743,-98.972849 ,-6
42.483806,-103.742605 ,-7
41.904793,-97.174724 ,-6
40.173845,-97.596263 ,-6
41.84862,-100.506911 ,-6
42.154061,-96.533943 ,-6
41.564094,-98.983484 ,-6
41.533979,-96.224574 ,-6
42.210746,-97.126243 ,-6
40.180646,-98.49859 ,-6
41.937859,-98.522289 ,-6
40.873056,-97.596742 ,-6
39.525701,-118.270419 ,-8
36.214236,-115.013819 ,-8
38.905129,-119.609019 ,-8
41.141133,-115.351424 ,-8
37.778966,-117.632382 ,-8
39.977788,-116.272208 ,-8
41.407914,-118.127592 ,-8
39.900211,-117.04724 ,-8
37.634605,-114.863037 ,-8
39.022214,-119.197417 ,-8
38.516647,-118.416279 ,-8
37.966379,-116.459047 ,-8
40.439639,-118.409477 ,-8
39.438385,-119.524646 ,-8
40.703311,-119.710315 ,-8
39.417804,-114.900945 ,-8
39.153447,-119.743442 ,-8
43.519109,-71.425366 ,-5
43.867567,-71.201665 ,-5
42.925455,-72.248217 ,-5
44.652419,-71.289383 ,-5
43.926488,-71.842264 ,-5
42.911643,-71.723101 ,-5
43.299485,-71.68013 ,-5
42.98936,-71.099437 ,-5
43.293177,-71.035927 ,-5
43.361188,-72.222084 ,-5
39.469354,-74.633758 ,-5
40.95909,-74.074522 ,-5
39.875786,-74.663006 ,-5
39.802352,-74.961251 ,-5
39.086143,-74.847716 ,-5
39.328387,-75.121644 ,-5
40.787217,-74.246136 ,-5
39.721019,-75.143708 ,-5
40.731384,-74.078627 ,-5
40.565283,-74.91197 ,-5
40.282503,-74.703724 ,-5
40.439593,-74.407585 ,-5
40.287056,-74.152446 ,-5
40.858581,-74.547427 ,-5
39.86585,-74.263027 ,-5
41.033763,-74.300308 ,-5
39.573828,-75.357356 ,-5
40.565522,-74.61993 ,-5
41.137424,-74.691855 ,-5
40.659871,-74.308696 ,-5
40.853524,-75.009542 ,-5
35.054002,-106.669065 ,-7
33.901814,-108.392097 ,-7
33.361605,-104.469837 ,-7
34.93205,-108.000255 ,-7
36.612963,-104.640126 ,-7
34.572984,-103.346055 ,-7
34.351429,-104.401527 ,-7
32.350912,-106.832182 ,-7
32.457858,-104.306471 ,-7
32.732087,-108.381504 ,-7
34.869782,-104.784968 ,-7
35.863152,-103.829931 ,-7
31.899658,-108.745729 ,-7
32.795687,-103.413271 ,-7
33.740941,-105.449083 ,-7
35.870047,-106.307968 ,-7
32.184482,-107.746639 ,-7
35.573732,-108.255307 ,-7
35.982841,-104.921898 ,-7
32.588776,-105.781079 ,-7
35.107018,-103.548071 ,-7
36.509669,-106.693983 ,-7
34.021457,-103.482725 ,-7
35.685073,-106.882618 ,-7
36.511625,-108.324578 ,-7
35.476876,-104.803515 ,-7
35.513722,-105.966441 ,-7
33.119479,-107.188161 ,-7
33.991614,-106.939003 ,-7
36.576529,-105.637987 ,-7
34.634644,-105.846836 ,-7
36.488085,-103.475723 ,-7
34.71684,-106.806582 ,-7
42.588271,-73.974014 ,-5
42.247894,-78.026176 ,-5
40.848711,-73.852939 ,-5
42.161977,-75.830291 ,-5
42.244853,-78.681006 ,-5
43.008546,-76.574587 ,-5
42.304216,-79.407595 ,-5
42.155281,-76.747179 ,-5
42.489732,-75.604905 ,-5
44.75271,-73.705648 ,-5
42.247729,-73.626805 ,-5
42.593824,-76.076265 ,-5
42.193987,-74.966728 ,-5
41.755009,-73.739951 ,-5
42.752759,-78.778192 ,-5
44.108971,-73.777573 ,-5
44.594374,-74.31067 ,-5
43.115609,-74.423678 ,-5
43.00091,-78.192778 ,-5
42.286951,-74.149495 ,-5
43.657879,-74.502456 ,-5
43.461635,-74.894694 ,-5
43.995371,-76.053522 ,-5
40.635133,-73.950777 ,-5
43.786397,-75.442617 ,-5
42.727485,-77.76978 ,-5
42.910026,-75.663575 ,-5
43.464475,-77.664656 ,-5
42.900891,-74.435358 ,-5
40.729687,-73.589384 ,-5
40.776557,-73.970174 ,-5
43.456731,-78.792143 ,-5
43.242727,-75.434282 ,-5
43.00653,-76.196117 ,-5
42.856695,-77.303277 ,-5
41.40241,-74.306252 ,-5
43.502287,-78.229726 ,-5
43.461443,-76.209258 ,-5
42.629776,-75.028841 ,-5
41.427904,-73.743882 ,-5
40.658557,-73.837929 ,-5
42.710421,-73.513845 ,-5
40.563855,-74.137063 ,-5
41.154785,-74.024772 ,-5
44.488113,-75.074311 ,-5
43.106135,-73.855387 ,-5
42.817542,-74.043583 ,-5
42.591294,-74.438172 ,-5
42.419776,-76.938604 ,-5
42.782294,-76.827088 ,-5
42.266725,-77.385525 ,-5
40.943554,-72.692218 ,-5
41.720176,-74.76468 ,-5
42.178057,-76.29745 ,-5
42.453281,-76.473712 ,-5
41.947232,-74.265447 ,-5
43.555105,-73.838139 ,-5
43.312377,-73.439428 ,-5
43.458758,-77.063164 ,-5
41.15277,-73.745912 ,-5
42.701363,-78.228567 ,-5
42.638237,-77.104324 ,-5
36.041974,-79.399935 ,-5
35.920951,-81.177467 ,-5
36.489356,-81.132299 ,-5
34.974996,-80.109959 ,-5
36.436305,-81.49877 ,-5
36.072894,-81.920363 ,-5
35.482313,-76.842014 ,-5
36.06133,-76.962367 ,-5
34.591949,-78.539513 ,-5
34.038708,-78.227688 ,-5
35.609371,-82.530426 ,-5
35.746182,-81.70618 ,-5
35.387845,-80.552868 ,-5
35.957857,-81.530076 ,-5
36.342344,-76.162488 ,-5
34.858313,-76.526967 ,-5
36.393097,-79.332546 ,-5
35.663182,-81.214151 ,-5
35.704994,-79.251454 ,-5
35.136233,-84.061308 ,-5
36.127288,-76.60207 ,-5
35.052997,-83.752264 ,-5
35.33463,-81.557115 ,-5
34.260471,-78.636378 ,-5
35.118179,-77.082541 ,-5
35.050192,-78.828719 ,-5
36.372174,-75.941224 ,-5
35.606269,-75.767536 ,-5
35.795123,-80.206525 ,-5
35.929356,-80.542542 ,-5
34.934403,-77.933543 ,-5
36.036589,-78.877919 ,-5
35.917055,-77.602655 ,-5
36.131667,-80.257289 ,-5
36.088241,-78.28309 ,-5
35.293344,-81.177256 ,-5
36.442135,-76.702355 ,-5
35.348111,-83.830909 ,-5
36.299884,-78.657634 ,-5
35.481933,-77.681667 ,-5
36.079065,-79.788665 ,-5
36.251438,-77.644842 ,-5
35.368635,-78.87161 ,-5
35.557097,-82.972807 ,-5
35.336424,-82.479634 ,-5
36.363517,-76.981616 ,-5
35.017233,-79.241964 ,-5
35.408157,-76.153687 ,-5
35.806356,-80.874545 ,-5
35.286463,-83.130641 ,-5
35.513405,-78.367267 ,-5
35.03216,-77.356443 ,-5
35.476075,-79.17222 ,-5
35.238062,-77.639023 ,-5
35.487825,-81.225176 ,-5
35.682232,-82.048029 ,-5
35.152959,-83.421901 ,-5
35.86408,-82.712731 ,-5
35.841059,-77.112867 ,-5
35.246862,-80.833832 ,-5
36.013102,-82.163554 ,-5
35.338071,-79.904196 ,-5
35.310163,-79.480664 ,-5
35.965945,-77.987555 ,-5
34.177466,-77.871378 ,-5
36.421774,-77.398352 ,-5
34.76346,-77.503297 ,-5
36.062499,-79.119355 ,-5
35.147462,-76.665069 ,-5
36.265276,-76.260355 ,-5
34.512581,-77.888029 ,-5
36.178261,-76.404269 ,-5
36.386387,-78.965471 ,-5
35.591065,-77.372404 ,-5
35.278928,-82.167667 ,-5
35.709915,-79.806215 ,-5
35.001957,-79.747809 ,-5
34.63921,-79.100881 ,-5
36.380927,-79.782889 ,-5
35.639218,-80.525344 ,-5
35.402747,-81.919583 ,-5
34.990575,-78.371382 ,-5
34.840023,-79.477337 ,-5
35.310523,-80.254355 ,-5
36.404195,-80.239271 ,-5
36.415416,-80.686463 ,-5
35.568849,-83.465614 ,-5
35.210095,-82.816696 ,-5
35.87042,-76.165345 ,-5
34.991501,-80.530131 ,-5
36.365481,-78.405434 ,-5
35.789846,-78.650624 ,-5
36.397979,-78.099924 ,-5
35.844589,-76.572334 ,-5
36.235371,-81.709919 ,-5
35.362741,-78.004826 ,-5
36.209303,-81.165354 ,-5
35.704125,-77.918982 ,-5
36.158765,-80.665164 ,-5
35.889504,-82.30398 ,-5
46.096815,-102.533198 ,-7
46.94255,-98.070195 ,-6
48.071738,-99.361987 ,-6
47.009283,-103.364924 ,-7
48.794412,-100.831257 ,-6
46.107807,-103.506586 ,-7
48.786453,-102.520087 ,-6
46.971843,-100.462001 ,-6
46.927003,-97.252375 ,-6
48.768439,-98.46379 ,-6
46.107756,-98.496518 ,-6
48.818142,-103.497653 ,-6
47.35461,-102.612365 ,-7
47.723436,-98.900475 ,-6
46.284255,-100.237842 ,-6
47.464327,-98.872817 ,-6
46.938924,-103.844612 ,-7
47.926003,-97.450851 ,-6
46.357827,-101.639049 ,-7
47.463463,-98.232444 ,-6
46.434939,-102.458385 ,-7
46.935385,-99.742727 ,-6
46.464195,-98.526057 ,-6
46.469278,-99.504585 ,-6
48.233842,-100.633267 ,-6
46.117034,-99.443041 ,-6
47.742475,-103.403215 ,-6
47.653055,-101.421794 ,-6
47.303279,-101.820765 ,-6
46.713789,-101.279743 ,-6
48.210291,-102.364756 ,-6
47.918667,-98.204428 ,-6
47.118079,-101.33142 ,-6
48.766896,-97.545405 ,-6
48.238883,-99.966497 ,-6
48.265551,-98.737329 ,-6
46.449276,-97.647554 ,-6
48.712782,-101.658152 ,-6
46.265219,-96.93796 ,-6
48.768272,-99.840463 ,-6
46.108206,-97.63003 ,-6
47.581373,-100.341499 ,-6
46.109282,-101.047525 ,-6
46.445834,-103.462462 ,-7
46.817031,-102.662026 ,-7
47.458288,-97.718895 ,-6
46.971103,-98.957592 ,-6
48.682183,-99.248158 ,-6
47.446215,-97.164754 ,-6
48.376979,-97.72223 ,-6
48.216686,-101.540537 ,-6
47.580851,-99.671502 ,-6
48.345867,-103.4874 ,-6
38.841681,-83.474173 ,-5
40.771528,-84.106546 ,-5
40.843274,-82.270121 ,-5
41.906644,-80.745641 ,-5
39.333848,-82.046008 ,-5
40.561309,-84.224018 ,-5
40.017682,-80.967727 ,-5
38.931377,-83.866772 ,-5
39.439915,-84.565397 ,-5
40.579884,-81.090787 ,-5
40.132759,-83.767543 ,-5
39.917032,-83.783676 ,-5
39.052084,-84.149614 ,-5
39.414041,-83.814542 ,-5
40.768462,-80.777231 ,-5
40.29672,-81.930112 ,-5
40.848508,-82.924771 ,-5
41.760392,-81.724217 ,-5
40.132176,-84.620438 ,-5
41.321679,-84.486433 ,-5
40.278941,-83.007462 ,-5
41.554006,-82.525897 ,-5
39.752935,-82.628276 ,-5
39.553845,-83.459327 ,-5
39.969447,-83.008258 ,-5
41.597264,-84.124267 ,-5
38.817046,-82.301746 ,-5
41.499322,-81.173505 ,-5
39.687479,-83.894894 ,-5
40.056665,-81.497875 ,-5
39.196927,-84.544187 ,-5
41.000471,-83.666034 ,-5
40.660415,-83.664077 ,-5
40.292318,-81.091565 ,-5
41.335072,-84.065882 ,-5
39.184488,-83.603668 ,-5
39.490343,-82.483445 ,-5
40.565309,-81.929869 ,-5
41.14508,-82.594641 ,-5
39.013477,-82.614142 ,-5
40.399188,-80.76141 ,-5
40.40362,-82.422393 ,-5
41.924116,-81.392643 ,-5
38.603866,-82.517186 ,-5
40.093609,-82.481251 ,-5
40.387553,-83.766343 ,-5
41.438805,-82.179722 ,-5
41.682321,-83.468867 ,-5
39.896607,-83.400885 ,-5
41.01088,-80.770396 ,-5
40.588208,-83.172927 ,-5
41.116051,-81.899566 ,-5
39.089807,-82.028397 ,-5
40.535333,-84.632059 ,-5
40.053326,-84.228414 ,-5
39.725969,-81.090658 ,-5
39.755218,-84.290546 ,-5
39.624946,-81.861699 ,-5
40.525266,-82.797729 ,-5
39.966046,-81.943506 ,-5
39.767232,-81.452604 ,-5
41.544467,-83.009253 ,-5
41.119141,-84.576967 ,-5
39.743187,-82.237953 ,-5
39.648947,-83.052827 ,-5
39.071365,-83.052921 ,-5
41.16864,-81.196932 ,-5
39.737906,-84.645358 ,-5
41.024533,-84.129879 ,-5
40.774167,-82.542715 ,-5
39.323763,-83.059585 ,-5
41.355291,-83.142735 ,-5
38.815019,-82.999028 ,-5
41.120008,-83.127436 ,-5
40.33668,-84.204143 ,-5
40.814131,-81.365667 ,-5
41.121851,-81.534936 ,-5
41.308936,-80.767656 ,-5
40.447441,-81.471157 ,-5
40.295901,-83.367042 ,-5
40.85552,-84.585775 ,-5
39.252014,-82.485961 ,-5
39.425652,-84.169906 ,-5
39.450684,-81.490653 ,-5
40.829661,-81.887194 ,-5
41.564958,-84.584323 ,-5
41.360183,-83.622682 ,-5
40.840122,-83.313172 ,-5
35.8975,-94.651671 ,-6
36.729703,-98.323445 ,-6
34.374813,-96.034705 ,-6
36.748334,-100.483056 ,-6
35.273945,-99.671638 ,-6
35.877782,-98.428934 ,-6
33.964004,-96.264137 ,-6
35.16792,-98.381045 ,-6
35.543416,-97.979836 ,-6
34.251848,-97.287927 ,-6
35.904367,-94.996796 ,-6
34.027645,-95.554208 ,-6
36.755276,-102.508735 ,-6
35.203117,-97.328332 ,-6
34.582861,-96.288039 ,-6
34.662628,-98.476597 ,-6
34.290676,-98.373438 ,-6
36.76389,-95.201553 ,-6
35.907732,-96.379793 ,-6
35.645601,-98.997386 ,-6
36.393369,-94.808206 ,-6
35.978433,-99.014094 ,-6
36.224258,-99.750139 ,-6
36.378273,-97.787729 ,-6
34.70935,-97.312723 ,-6
35.021058,-97.88689 ,-6
36.788254,-97.788151 ,-6
34.935263,-99.552968 ,-6
34.745971,-99.844194 ,-6
36.800456,-99.662842 ,-6
35.232294,-95.109578 ,-6
35.052934,-96.251183 ,-6
34.593949,-99.41221 ,-6
34.105092,-97.838814 ,-6
34.313455,-96.654255 ,-6
36.814842,-97.143755 ,-6
35.949431,-97.934568 ,-6
34.921489,-98.981617 ,-6
34.875137,-95.272263 ,-6
34.899642,-94.703491 ,-6
35.703118,-96.881392 ,-6
35.914151,-97.450764 ,-6
33.957775,-97.245124 ,-6
35.016414,-97.449811 ,-6
34.117073,-94.766086 ,-6
35.369092,-95.671764 ,-6
36.313119,-98.542015 ,-6
34.027007,-96.770533 ,-6
36.303804,-95.235638 ,-6
34.485766,-97.071557 ,-6
35.617551,-95.383911 ,-6
36.384901,-97.236335 ,-6
36.789615,-95.613312 ,-6
35.466804,-96.327762 ,-6
35.554611,-97.409401 ,-6
35.646879,-95.96458 ,-6
36.62468,-96.408385 ,-6
36.835764,-94.802681 ,-6
36.313704,-96.696669 ,-6
36.079225,-96.975255 ,-6
34.92554,-95.74813 ,-6
34.721071,-96.692738 ,-6
35.211393,-96.957007 ,-6
34.377896,-95.408085 ,-6
35.708554,-99.741572 ,-6
36.378082,-95.601337 ,-6
35.158366,-96.602858 ,-6
35.502435,-94.750757 ,-6
34.481361,-97.855607 ,-6
36.741964,-101.488434 ,-6
34.371085,-98.931701 ,-6
36.120121,-95.941731 ,-6
35.963479,-95.5141 ,-6
36.70438,-95.906155 ,-6
35.290177,-98.991962 ,-6
36.765141,-98.868967 ,-6
36.425619,-99.273661 ,-6
44.703427,-117.691933 ,-8
44.490623,-123.426317 ,-8
45.160493,-122.195127 ,-8
46.024509,-123.705014 ,-8
45.941932,-123.081079 ,-8
43.184193,-124.092557 ,-8
44.163054,-120.371585 ,-8
42.466671,-124.211407 ,-8
43.915118,-121.225575 ,-8
43.285904,-123.15438 ,-8
45.381666,-120.211851 ,-8
44.496326,-119.014057 ,-8
43.064355,-118.985949 ,-8
45.511775,-121.655976 ,-8
42.411782,-122.675797 ,-8
44.64379,-121.183021 ,-8
42.385382,-123.597245 ,-8
42.683761,-121.646168 ,-8
42.788401,-120.38979 ,-8
43.928276,-122.897678 ,-8
44.641076,-123.911183 ,-8
44.494824,-122.543756 ,-8
43.1877,-117.603976 ,-7
44.900898,-122.57626 ,-8
45.425496,-119.602311 ,-8
45.547693,-122.417173 ,-8
44.904395,-123.397329 ,-8
45.399216,-120.678512 ,-8
45.455743,-123.759327 ,-8
45.5912,-118.73388 ,-8
45.304047,-117.999136 ,-8
45.593753,-117.18558 ,-8
45.164536,-121.165069 ,-8
45.553542,-123.097615 ,-8
44.736411,-120.026875 ,-8
45.248138,-123.316117 ,-8
39.869471,-77.21773 ,-5
40.46892,-79.98092 ,-5
40.812379,-79.464128 ,-5
40.68414,-80.350721 ,-5
39.997115,-78.48998 ,-5
40.413957,-75.92686 ,-5
40.497926,-78.31064 ,-5
41.791495,-76.502124 ,-5
40.336887,-75.10706 ,-5
40.913834,-79.91896 ,-5
40.494127,-78.715284 ,-5
41.438289,-78.198315 ,-5
40.917833,-75.709428 ,-5
40.90916,-77.84783 ,-5
39.973965,-75.749732 ,-5
41.198239,-79.420404 ,-5
41.000249,-78.473749 ,-5
41.245301,-77.649141 ,-5
41.045517,-76.40426 ,-5
41.68684,-80.107811 ,-5
40.164782,-77.26344 ,-5
40.412565,-76.792634 ,-5
39.91667,-75.398786 ,-5
41.427334,-78.653938 ,-5
42.117952,-80.096386 ,-5
39.914115,-79.644586 ,-5
41.513304,-79.249705 ,-5
39.926686,-77.724485 ,-5
39.910751,-78.122617 ,-5
39.848983,-80.225694 ,-5
40.422321,-77.968584 ,-5
40.651432,-79.087545 ,-5
41.130287,-78.999044 ,-5
40.530673,-77.400438 ,-5
41.44025,-75.609587 ,-5
40.041992,-76.250198 ,-5
40.992735,-80.334446 ,-5
40.367344,-76.458009 ,-5
40.614241,-75.590627 ,-5
41.172787,-75.976035 ,-5
41.343624,-77.055253 ,-5
41.81459,-78.572463 ,-5
41.300014,-80.252786 ,-5
40.61189,-77.620661 ,-5
41.056233,-75.329037 ,-5
40.209999,-75.370201 ,-5
41.029261,-76.665259 ,-5
40.752791,-75.307447 ,-5
40.851524,-76.709877 ,-5
40.39778,-77.266328 ,-5
40.009376,-75.133346 ,-5
41.325949,-75.031514 ,-5
41.748222,-77.894735 ,-5
40.70369,-76.2178 ,-5
40.755348,-77.072954 ,-5
39.981297,-79.028486 ,-5
41.43979,-76.511525 ,-5
41.819665,-75.800969 ,-5
41.766859,-77.257288 ,-5
40.962179,-77.055475 ,-5
41.40198,-79.754418 ,-5
41.843669,-79.313173 ,-5
40.200005,-80.252132 ,-5
41.646589,-75.292485 ,-5
40.311068,-79.466688 ,-5
41.525137,-76.00878 ,-5
39.921839,-76.728446 ,-5
41.705271,-71.285053 ,-5
41.67775,-71.576314 ,-5
41.502732,-71.284063 ,-5
41.870488,-71.578242 ,-5
41.401162,-71.617612 ,-5
34.213809,-82.46046 ,-5
33.549317,-81.63387 ,-5
32.979784,-81.363421 ,-5
34.519549,-82.638086 ,-5
33.203021,-81.053161 ,-5
33.26068,-81.433753 ,-5
32.358147,-80.68932 ,-5
33.2077,-79.953655 ,-5
33.67478,-80.780347 ,-5
32.800458,-79.94248 ,-5
35.049796,-81.607647 ,-5
34.689345,-81.161249 ,-5
34.637018,-80.159227 ,-5
33.664682,-80.217889 ,-5
32.83498,-80.655345 ,-5
34.332185,-79.962116 ,-5
34.390172,-79.374964 ,-5
33.082186,-80.404697 ,-5
33.776498,-81.968245 ,-5
34.395669,-81.127001 ,-5
34.028535,-79.710233 ,-5
33.41753,-79.300812 ,-5
34.892645,-82.372077 ,-5
34.155796,-82.127876 ,-5
32.778323,-81.143362 ,-5
33.909269,-78.976675 ,-5
32.43059,-81.021627 ,-5
34.338356,-80.590885 ,-5
34.686818,-80.703689 ,-5
34.483477,-82.005657 ,-5
34.15864,-80.251209 ,-5
33.892554,-81.272853 ,-5
33.897605,-82.316192 ,-5
34.080701,-79.362131 ,-5
34.601805,-79.677942 ,-5
34.28973,-81.600053 ,-5
34.748759,-83.061522 ,-5
33.436135,-80.802913 ,-5
34.887362,-82.725368 ,-5
34.029783,-80.896566 ,-5
34.005278,-81.727903 ,-5
34.933239,-81.991053 ,-5
33.916046,-80.382472 ,-5
34.690514,-81.615831 ,-5
33.626463,-79.716475 ,-5
34.97019,-81.183189 ,-5
43.724719,-98.577587 ,-6
44.418265,-98.279422 ,-6
43.184826,-101.676426 ,-7
42.986031,-97.885613 ,-6
44.376675,-96.797797 ,-6
45.589254,-98.352175 ,-6
43.72988,-99.092941 ,-6
44.044306,-99.203998 ,-6
44.896435,-103.501762 ,-7
45.782241,-100.027951 ,-6
43.206185,-98.595143 ,-6
44.855211,-97.724912 ,-6
42.912997,-96.979795 ,-6
44.966324,-97.198843 ,-6
45.69834,-101.176017 ,-7
43.684943,-103.46225 ,-7
43.680439,-98.155868 ,-6
45.362283,-97.593734 ,-6
44.75629,-96.690239 ,-6
45.150005,-100.852218 ,-7
43.391506,-98.358433 ,-6
45.41168,-99.205362 ,-6
43.221504,-103.512102 ,-7
45.065476,-99.153564 ,-6
45.172637,-96.772261 ,-6
43.179094,-99.202158 ,-6
44.284312,-101.59179 ,-7
44.680619,-97.178598 ,-6
44.546713,-99.004575 ,-6
43.680612,-97.796845 ,-6
45.596612,-103.473867 ,-7
44.392258,-99.985846 ,-6
43.33671,-97.749383 ,-6
44.537301,-99.492148 ,-6
43.677294,-101.626455 ,-7
44.063416,-98.623188 ,-6
43.95199,-100.686139 ,-6
44.362969,-97.499313 ,-6
44.02845,-97.123223 ,-6
44.353669,-103.796528 ,-7
43.27942,-96.722286 ,-6
43.894812,-99.841925 ,-6
43.678924,-97.362036 ,-6
45.784249,-99.211421 ,-6
45.737054,-97.580884 ,-6
44.606792,-102.715864 ,-7
43.58493,-100.760598 ,-6
44.017327,-97.60979 ,-6
43.667472,-96.795726 ,-6
44.012429,-96.676054 ,-6
43.341937,-102.55948 ,-7
44.002349,-102.823802 ,-7
45.483387,-102.467995 ,-7
45.064276,-99.949631 ,-6
45.623397,-96.947551 ,-6
44.021032,-98.092105 ,-6
44.931034,-98.339644 ,-6
44.415547,-100.749163 ,-7
44.722325,-100.131399 ,-6
43.208172,-100.717204 ,-6
43.349729,-99.876219 ,-6
43.30867,-97.150185 ,-6
42.831106,-96.650829 ,-6
45.427605,-100.027856 ,-6
43.006607,-97.388339 ,-6
44.981666,-101.669225 ,-7
36.116731,-84.195418 ,-5
35.51366,-86.458294 ,-6
36.069253,-88.071212 ,-6
35.593668,-85.205979 ,-6
35.688185,-83.922973 ,-5
35.153914,-84.859414 ,-5
36.401592,-84.15925 ,-5
35.808394,-86.062404 ,-6
35.967896,-88.451659 ,-6
36.284744,-82.126593 ,-5
36.25518,-87.100816 ,-6
35.416639,-88.605505 ,-6
36.501557,-83.660724 ,-5
36.545765,-85.545718 ,-6
35.916198,-83.119223 ,-5
35.488759,-86.078219 ,-6
35.811312,-89.135349 ,-6
35.952398,-84.994761 ,-6
36.169129,-86.78479 ,-6
35.603422,-88.107384 ,-6
35.98222,-85.833596 ,-6
36.145533,-87.364155 ,-6
36.054196,-89.398306 ,-6
35.196993,-89.413803 ,-6
36.376079,-84.932703 ,-6
35.155926,-86.099203 ,-6
35.991694,-88.933776 ,-6
35.202723,-87.035319 ,-6
36.277463,-83.509493 ,-5
36.178998,-82.847746 ,-5
35.387273,-85.722188 ,-6
36.218397,-83.266071 ,-5
35.159186,-85.202296 ,-5
36.52142,-83.227453 ,-5
35.218131,-88.989037 ,-6
35.201893,-88.185696 ,-6
36.452206,-82.931386 ,-5
35.58669,-89.282536 ,-6
35.653995,-88.387674 ,-6
36.325398,-88.300384 ,-6
35.802396,-87.467114 ,-6
36.285777,-87.705605 ,-6
36.04044,-87.790625 ,-6
36.354242,-85.674182 ,-6
36.048479,-83.440966 ,-5
36.453204,-81.861237 ,-5
35.992727,-83.937721 ,-5
36.333905,-89.485537 ,-6
35.762951,-89.627732 ,-6
35.220476,-87.396546 ,-6
35.523244,-87.496983 ,-6
35.142532,-86.593388 ,-6
35.73745,-84.316204 ,-5
35.424471,-84.619963 ,-5
35.175626,-88.564671 ,-6
36.537838,-86.001231 ,-6
35.606056,-88.833424 ,-6
35.133422,-85.618399 ,-6
35.468387,-86.765886 ,-6
35.615696,-87.077763 ,-6
35.503397,-84.823888 ,-5
35.447666,-84.249786 ,-5
36.500354,-87.380887 ,-6
35.288889,-86.358684 ,-6
36.138697,-84.639262 ,-5
36.358175,-89.150175 ,-6
36.34485,-85.283076 ,-6
35.659785,-87.877027 ,-6
36.559364,-85.075741 ,-6
35.109437,-84.541112 ,-5
36.140807,-85.496928 ,-6
35.600587,-84.949552 ,-5
35.847472,-84.523861 ,-5
36.52753,-86.869377 ,-6
35.843369,-86.417213 ,-6
36.437239,-84.498386 ,-5
35.372335,-85.410344 ,-6
35.791284,-83.521955 ,-5
35.183794,-89.895397 ,-6
36.25565,-85.942078 ,-6
36.511756,-87.851548 ,-6
36.510212,-82.299397 ,-5
36.470015,-86.458517 ,-6
35.500297,-89.763708 ,-6
36.39303,-86.156691 ,-6
36.100215,-82.418245 ,-5
36.28414,-83.836088 ,-5
35.699245,-85.458411 ,-6
35.678282,-85.777363 ,-6
36.295665,-82.495037 ,-5
35.242687,-87.819703 ,-6
36.303523,-88.720785 ,-6
35.927062,-85.455766 ,-6
35.894972,-86.896958 ,-6
36.148476,-86.29021 ,-6
31.841266,-95.661744 ,-6
32.312258,-102.640206 ,-6
31.251951,-94.611056 ,-6
28.104225,-96.977983 ,-6
33.616305,-98.687267 ,-6
34.964179,-101.356636 ,-6
28.894296,-98.528187 ,-6
29.891901,-96.27017 ,-6
34.067521,-102.830345 ,-6
29.755748,-99.260682 ,-6
30.103128,-97.311859 ,-6
33.618172,-99.197228 ,-6
28.416077,-97.742586 ,-6
31.04211,-97.481921 ,-6
29.448671,-98.520147 ,-6
30.265605,-98.399977 ,-6
32.744062,-101.433033 ,-6
31.900764,-97.637632 ,-6
33.446051,-94.422375 ,-6
29.167818,-95.434647 ,-6
30.656725,-96.302389 ,-6
29.808997,-103.252458 ,-6
34.525173,-101.205893 ,-6
27.034994,-98.215276 ,-6
31.764103,-98.99847 ,-6
30.493487,-96.622091 ,-6
30.789616,-98.201195 ,-6
29.840422,-97.631097 ,-6
28.445366,-96.5833 ,-6
32.29315,-99.372249 ,-6
26.102923,-97.478958 ,-6
32.974581,-94.979085 ,-6
35.405496,-101.355356 ,-6
33.083698,-94.357579 ,-6
34.533621,-102.258786 ,-6
29.703933,-94.668875 ,-6
31.843859,-95.156504 ,-6
34.529337,-100.208336 ,-6
33.785904,-98.212918 ,-6
33.60844,-102.830449 ,-6
31.877105,-100.635236 ,-6
31.914205,-99.346622 ,-6
33.193885,-96.578153 ,-6
34.963358,-100.272135 ,-6
29.595908,-96.508389 ,-6
29.803019,-98.255201 ,-6
31.951645,-98.549617 ,-6
31.318865,-99.863648 ,-6
33.639169,-97.210372 ,-6
31.391177,-97.798022 ,-6
34.091906,-100.276442 ,-6
31.422797,-102.487774 ,-6
30.717532,-101.404211 ,-6
33.609144,-101.29871 ,-6
31.445909,-104.526945 ,-6
36.28637,-102.59402 ,-6
32.766987,-96.778424 ,-6
32.741934,-101.947322 ,-6
34.940766,-102.607564 ,-6
33.385933,-95.67335 ,-6
33.205005,-97.119046 ,-6
29.082342,-97.361656 ,-6
33.614666,-100.786095 ,-6
28.423587,-99.765871 ,-6
34.955036,-100.815846 ,-6
27.681123,-98.497393 ,-6
32.324645,-98.83656 ,-6
31.865301,-102.542507 ,-6
29.985877,-100.307373 ,-6
32.347279,-96.798336 ,-6
31.766403,-106.241391 ,-7
32.238136,-98.222377 ,-6
31.25193,-96.934128 ,-6
33.591161,-96.104988 ,-6
29.877886,-96.921231 ,-6
32.740473,-100.40312 ,-6
34.073731,-101.303274 ,-6
33.980404,-99.777427 ,-6
29.526602,-95.771015 ,-6
33.175846,-95.219066 ,-6
31.701654,-96.144237 ,-6
28.869334,-99.108788 ,-6
32.743942,-102.631562 ,-6
29.228706,-94.894865 ,-6
33.183792,-101.301134 ,-6
30.32639,-98.942106 ,-6
31.868591,-101.528971 ,-6
28.6607,-97.430415 ,-6
29.468704,-97.477738 ,-6
35.402542,-100.812374 ,-6
33.624508,-96.675699 ,-6
32.486397,-94.816276 ,-6
30.543231,-95.988082 ,-6
29.583208,-97.949027 ,-6
34.068436,-101.822888 ,-6
34.453189,-100.576343 ,-6
31.706982,-98.111794 ,-6
36.272847,-101.35693 ,-6
34.289904,-99.745697 ,-6
30.329612,-94.393149 ,-6
29.857273,-95.393037 ,-6
32.547993,-94.374425 ,-6
35.840244,-102.610047 ,-6
33.175965,-99.730773 ,-6
30.061225,-98.029267 ,-6
35.816237,-100.284807 ,-6
32.211633,-95.853418 ,-6
26.396384,-98.18099 ,-6
31.98224,-97.129886 ,-6
33.605932,-102.343398 ,-6
32.430149,-97.831677 ,-6
33.148959,-95.565194 ,-6
31.323036,-95.4216 ,-6
32.303583,-101.43853 ,-6
31.450868,-105.377549 ,-7
33.123438,-96.083807 ,-6
35.837047,-101.362746 ,-6
31.303424,-100.981304 ,-6
33.232277,-98.171902 ,-6
28.959802,-96.58908 ,-6
30.752932,-94.022294 ,-6
30.617087,-104.18786 ,-6
29.854,-94.149331 ,-6
27.041212,-98.700127 ,-6
27.733516,-98.090814 ,-6
32.379511,-97.364823 ,-6
32.743709,-99.87443 ,-6
28.907618,-97.860767 ,-6
32.598944,-96.288378 ,-6
29.944524,-98.711094 ,-6
26.890232,-97.591233 ,-6
33.18478,-100.76972 ,-6
30.053928,-99.351968 ,-6
30.479472,-99.746396 ,-6
33.614159,-100.250548 ,-6
29.347087,-100.4177 ,-6
27.438735,-97.66062 ,-6
33.616657,-99.747112 ,-6
33.667263,-95.570348 ,-6
34.068862,-102.348018 ,-6
31.196731,-98.240889 ,-6
28.351098,-99.096774 ,-6
29.382578,-96.923633 ,-6
30.321105,-96.976365 ,-6
31.300493,-95.995622 ,-6
30.162189,-94.822682 ,-6
31.547543,-96.593623 ,-6
36.2802,-100.272683 ,-6
28.351535,-98.126961 ,-6
30.707585,-98.68469 ,-6
31.844936,-103.561229 ,-6
33.611469,-101.819944 ,-6
33.178412,-101.818493 ,-6
31.205477,-99.359856 ,-6
31.549493,-97.201472 ,-6
28.384922,-98.578853 ,-6
30.966878,-95.930372 ,-6
32.797757,-94.357673 ,-6
32.30983,-101.961836 ,-6
30.703232,-99.237608 ,-6
28.783341,-95.997755 ,-6
28.745217,-100.311368 ,-6
29.353661,-99.111085 ,-6
30.883707,-99.854936 ,-6
31.870896,-102.024326 ,-6
30.791242,-96.984395 ,-6
31.494889,-98.594623 ,-6
32.303781,-100.92458 ,-6
33.676289,-97.724747 ,-6
30.302364,-95.503523 ,-6
35.835676,-101.890502 ,-6
33.116466,-94.731265 ,-6
34.058383,-100.793696 ,-6
31.62056,-94.62025 ,-6
32.04845,-96.476908 ,-6
30.786718,-93.73925 ,-6
32.312338,-100.418108 ,-6
27.739406,-97.521643 ,-6
36.278744,-100.815864 ,-6
35.401921,-102.59762 ,-6
30.120918,-93.893358 ,-6
32.75221,-98.317974 ,-6
32.163978,-94.305156 ,-6
32.777096,-97.805905 ,-6
34.532163,-102.784853 ,-6
30.770894,-102.71986 ,-6
30.784553,-94.837338 ,-6
35.398675,-101.893804 ,-6
30.005891,-104.261619 ,-6
32.87058,-95.79544 ,-6
34.962529,-101.895547 ,-6
31.372895,-101.513901 ,-6
29.82303,-99.805303 ,-6
33.619626,-95.048429 ,-6
31.308366,-103.712706 ,-6
28.312496,-97.160479 ,-6
35.836216,-100.807555 ,-6
31.025481,-96.514941 ,-6
32.889216,-96.407501 ,-6
31.833311,-99.967856 ,-6
32.109423,-94.756382 ,-6
31.3433,-93.851913 ,-6
31.382449,-94.16318 ,-6
30.574218,-95.162852 ,-6
28.011782,-97.517165 ,-6
31.155138,-98.819292 ,-6
30.896233,-100.527216 ,-6
32.744462,-100.913399 ,-6
32.743788,-99.347045 ,-6
31.790137,-94.142565 ,-6
36.277628,-101.894716 ,-6
32.377093,-95.26963 ,-6
32.217942,-97.769211 ,-6
26.546335,-98.715803 ,-6
32.731531,-98.840081 ,-6
31.835774,-101.054911 ,-6
33.17958,-100.253807 ,-6
30.517865,-100.505395 ,-6
34.53046,-101.732852 ,-6
32.77204,-97.291291 ,-6
32.295684,-99.89322 ,-6
30.232332,-102.072539 ,-6
33.171229,-102.339284 ,-6
33.170712,-99.206137 ,-6
33.214599,-94.966783 ,-6
31.401583,-100.461355 ,-6
30.239513,-97.69127 ,-6
31.087483,-95.153291 ,-6
30.769579,-94.379449 ,-6
32.735878,-94.941649 ,-6
31.353849,-102.042013 ,-6
29.35034,-99.761074 ,-6
29.884961,-101.146646 ,-6
32.558948,-95.836391 ,-6
28.79637,-96.971198 ,-6
30.74309,-95.569888 ,-6
30.013578,-95.982102 ,-6
31.513069,-103.105113 ,-6
30.215075,-96.410272 ,-6
27.770584,-99.326641 ,-6
29.278481,-96.229675 ,-6
35.392593,-100.253107 ,-6
33.991103,-98.716851 ,-6
34.08492,-99.24244 ,-6
26.481092,-97.584224 ,-6
30.64903,-97.605069 ,-6
29.174303,-98.085899 ,-6
31.831416,-103.055986 ,-6
33.219095,-97.653997 ,-6
32.783588,-95.382166 ,-6
33.172397,-102.823771 ,-6
33.158787,-98.678267 ,-6
26.996981,-99.182603 ,-6
28.864652,-99.75983 ,-6
38.357535,-113.238948 ,-7
41.476021,-113.052922 ,-7
41.734225,-111.744581 ,-7
39.67005,-110.590357 ,-7
40.890099,-109.505786 ,-7
41.037045,-112.202123 ,-7
40.289649,-110.42983 ,-7
39.009028,-110.721111 ,-7
37.831622,-111.450886 ,-7
38.974326,-109.57345 ,-7
37.882727,-113.290059 ,-7
39.710827,-112.794262 ,-7
37.275118,-111.815413 ,-7
39.09454,-113.525014 ,-7
41.091027,-111.577885 ,-7
38.335881,-112.129376 ,-7
41.627598,-111.240227 ,-7
40.667882,-111.924244 ,-7
37.623064,-109.78932 ,-7
39.380588,-111.570451 ,-7
38.746825,-111.81193 ,-7
40.87206,-110.968486 ,-7
40.467692,-113.124015 ,-7
40.125887,-109.517748 ,-7
40.120409,-111.668667 ,-7
40.334884,-111.161568 ,-7
37.262531,-113.4878 ,-7
38.261229,-110.990323 ,-7
41.270355,-111.875879 ,-7
44.031248,-73.141581 ,-5
43.035325,-73.11146 ,-5
44.468791,-72.112168 ,-5
44.460676,-73.070525 ,-5
44.724021,-71.732736 ,-5
44.858964,-72.909402 ,-5
44.801788,-73.300758 ,-5
44.603504,-72.638356 ,-5
44.003392,-72.369687 ,-5
44.828442,-72.25163 ,-5
43.580844,-73.038196 ,-5
44.274953,-72.609475 ,-5
42.999143,-72.716335 ,-5
43.588143,-72.591515 ,-5
37.765944,-75.757807 ,-5
38.024184,-78.553506 ,-5
37.787905,-80.008669 ,-5
37.336131,-77.973218 ,-5
37.630362,-79.147848 ,-5
37.370725,-78.81094 ,-5
38.878337,-77.100703 ,-5
38.167807,-79.146682 ,-5
38.068988,-79.732898 ,-5
37.312408,-79.527947 ,-5
37.130612,-81.125853 ,-5
37.553193,-79.805318 ,-5
36.764531,-77.860916 ,-5
37.26812,-82.038151 ,-5
37.573928,-78.529169 ,-5
37.210151,-79.095429 ,-5
38.030319,-77.352348 ,-5
36.732426,-80.728043 ,-5
37.361048,-77.054171 ,-5
37.014091,-78.661424 ,-5
37.378434,-77.585847 ,-5
39.115931,-77.992004 ,-5
37.473129,-80.231734 ,-5
38.48593,-77.956476 ,-5
37.520189,-78.252836 ,-5
37.137081,-82.349208 ,-5
37.073498,-77.635492 ,-5
37.93948,-76.941871 ,-5
38.833743,-77.276117 ,-5
38.744103,-77.821585 ,-5
36.931438,-80.350309 ,-5
37.830606,-78.284445 ,-5
36.99235,-79.883959 ,-5
39.203637,-78.263916 ,-5
37.31193,-80.717178 ,-5
37.403541,-76.523505 ,-5
37.724166,-77.914273 ,-5
36.656303,-81.225337 ,-5
38.297981,-78.470163 ,-5
36.680225,-77.560261 ,-5
36.766461,-78.939614 ,-5
37.760166,-77.490992 ,-5
37.437521,-77.300333 ,-5
36.620593,-79.980584 ,-5
38.356672,-79.567958 ,-5
36.901418,-76.707569 ,-5
37.324427,-76.778319 ,-5
37.720995,-76.89109 ,-5
38.277179,-77.162702 ,-5
37.70826,-77.091054 ,-5
37.703831,-76.413199 ,-5
36.702162,-83.130334 ,-5
39.08113,-77.638857 ,-5
37.971681,-77.959178 ,-5
36.945757,-78.242313 ,-5
38.412059,-78.276961 ,-5
37.425348,-76.268808 ,-5
36.687256,-78.368959 ,-5
37.606828,-76.527958 ,-5
37.174885,-80.387314 ,-5
37.790016,-78.879394 ,-5
37.498974,-76.993339 ,-5
37.302629,-75.923868 ,-5
37.856974,-76.379687 ,-5
37.143696,-78.052162 ,-5
38.250439,-78.00998 ,-5
38.623751,-78.490471 ,-5
36.667327,-80.286141 ,-5
36.821721,-79.398502 ,-5
37.549404,-77.912855 ,-5
37.224881,-78.432957 ,-5
37.187326,-77.220993 ,-5
38.702332,-77.478887 ,-5
37.063385,-80.713444 ,-5
38.684522,-78.168824 ,-5
37.942894,-76.730561 ,-5
37.331077,-80.19011 ,-5
37.814517,-79.447754 ,-5
38.511257,-78.876307 ,-5
36.93342,-82.095934 ,-5
36.712778,-82.613627 ,-5
38.856204,-78.573987 ,-5
36.842318,-81.539786 ,-5
36.720173,-77.103856 ,-5
38.182311,-77.65628 ,-5
38.418933,-77.459043 ,-5
37.119761,-76.880172 ,-5
36.926645,-77.259732 ,-5
37.125395,-81.562924 ,-5
38.908187,-78.207131 ,-5
36.747813,-81.950291 ,-5
38.109191,-76.80417 ,-5
36.974561,-82.62156 ,-5
36.901471,-81.084209 ,-5
37.220914,-76.395533 ,-5
38.818343,-77.082026 ,-5
37.338156,-79.520705 ,-5
36.616954,-82.157564 ,-5
37.731663,-79.356375 ,-5
38.037658,-78.485381 ,-5
36.679376,-76.301788 ,-5
37.261685,-77.396804 ,-5
37.778143,-79.986039 ,-5
36.583334,-79.408071 ,-5
36.696182,-77.535975 ,-5
38.853183,-77.299025 ,-5
38.883787,-77.174639 ,-5
36.684014,-76.941396 ,-5
38.299272,-77.486658 ,-5
36.66564,-80.914308 ,-5
37.04803,-76.297149 ,-5
38.436013,-78.874197 ,-5
37.29101,-77.298944 ,-5
37.782332,-79.44432 ,-5
37.399016,-79.195458 ,-5
38.747561,-77.484727 ,-5
38.768991,-77.448681 ,-5
36.683527,-79.863648 ,-5
37.075978,-76.521719 ,-5
36.923015,-76.244641 ,-5
36.931549,-82.625996 ,-5
37.20473,-77.392368 ,-5
37.12836,-76.303534 ,-5
36.85943,-76.356269 ,-5
37.120036,-80.557048 ,-5
37.531399,-77.476009 ,-5
37.27783,-79.958472 ,-5
37.285333,-80.055241 ,-5
38.158056,-79.061501 ,-5
36.697157,-76.634781 ,-5
36.779322,-76.02402 ,-5
38.067157,-78.90142 ,-5
37.269293,-76.706717 ,-5
39.173869,-78.176356 ,-5
47.00484,-118.533308 ,-8
46.181861,-117.227781 ,-8
46.228072,-119.516864 ,-8
47.859892,-120.618543 ,-8
48.113009,-123.930611 ,-8
45.771674,-122.485903 ,-8
46.292851,-117.911635 ,-8
46.185923,-122.658682 ,-8
47.735866,-119.69588 ,-8
48.437246,-118.517074 ,-8
46.53458,-118.906944 ,-8
46.429474,-117.536715 ,-8
47.213633,-119.467788 ,-8
47.142786,-123.827043 ,-8
48.158436,-122.670503 ,-8
47.802641,-123.52181 ,-8
47.493554,-121.832375 ,-8
47.639687,-122.649636 ,-8
47.124444,-120.676714 ,-8
45.869509,-120.780117 ,-8
46.580071,-122.377444 ,-8
47.582718,-118.417668 ,-8
47.354126,-123.17385 ,-8
48.550971,-119.691035 ,-8
46.556587,-123.782419 ,-8
48.543877,-117.232183 ,-8
47.040716,-122.144709 ,-8
48.508862,-123.100616 ,-8
48.493066,-121.816278 ,-8
46.024782,-121.953227 ,-8
48.054913,-121.766412 ,-8
47.620379,-117.404392 ,-8
48.390648,-117.854897 ,-8
46.932598,-122.829441 ,-8
46.294638,-123.424458 ,-8
46.254606,-118.480374 ,-8
48.842653,-121.836433 ,-8
46.903322,-117.522962 ,-8
46.456558,-120.740145 ,-8
39.139754,-79.996914 ,-5
39.457854,-78.032338 ,-5
38.022838,-81.713314 ,-5
38.699302,-80.731649 ,-5
40.272645,-80.578691 ,-5
38.41958,-82.243392 ,-5
38.844159,-81.115478 ,-5
38.459826,-81.081866 ,-5
39.263482,-80.701147 ,-5
38.030933,-81.086051 ,-5
38.915865,-80.849409 ,-5
39.105988,-79.195064 ,-5
37.924418,-80.45059 ,-5
39.31214,-78.611989 ,-5
40.516931,-80.570057 ,-5
39.010818,-78.843641 ,-5
39.279199,-80.386487 ,-5
38.834234,-81.677717 ,-5
39.307399,-77.86322 ,-5
38.328061,-81.523522 ,-5
38.988844,-80.495518 ,-5
38.171651,-82.077547 ,-5
37.830591,-81.940853 ,-5
37.382663,-81.658205 ,-5
39.505839,-80.243402 ,-5
39.854717,-80.671378 ,-5
38.759288,-82.024172 ,-5
37.403448,-81.106456 ,-5
39.405626,-78.956581 ,-5
37.721151,-82.158993 ,-5
39.633645,-80.059074 ,-5
37.550353,-80.547891 ,-5
39.554835,-78.257314 ,-5
38.291416,-80.797516 ,-5
40.098932,-80.620728 ,-5
38.686836,-79.333707 ,-5
39.368133,-81.161172 ,-5
38.332513,-80.012092 ,-5
39.46903,-79.668865 ,-5
38.510513,-81.906109 ,-5
37.76247,-81.264671 ,-5
38.781087,-79.867783 ,-5
39.177112,-81.066317 ,-5
38.743033,-81.354502 ,-5
37.656003,-80.856315 ,-5
39.329072,-80.045629 ,-5
39.111175,-79.559968 ,-5
39.465981,-80.879493 ,-5
38.902537,-80.231335 ,-5
38.145531,-82.419698 ,-5
38.492985,-80.430262 ,-5
39.596574,-80.634394 ,-5
39.020034,-81.382975 ,-5
39.211679,-81.515928 ,-5
37.603717,-81.548884 ,-5
43.973763,-89.767223 ,-6
46.546291,-90.665154 ,-6
45.437192,-91.852892 ,-6
46.634199,-91.177282 ,-6
44.473961,-87.995926 ,-6
44.389759,-91.758714 ,-6
45.865255,-92.367978 ,-6
44.07841,-88.212132 ,-6
45.069092,-91.283505 ,-6
44.733596,-90.610201 ,-6
43.471882,-89.330472 ,-6
43.24991,-90.95123 ,-6
43.067468,-89.417852 ,-6
43.422706,-88.704379 ,-6
45.067808,-87.087936 ,-6
46.463316,-91.89258 ,-6
44.947741,-91.89772 ,-6
44.726355,-91.286414 ,-6
45.849646,-88.400322 ,-6
43.754722,-88.493284 ,-6
45.666882,-88.773225 ,-6
42.870062,-90.695368 ,-6
42.677728,-89.605639 ,-6
43.76141,-88.987228 ,-6
43.001021,-90.133692 ,-6
46.32655,-90.261299 ,-6
44.324895,-90.806541 ,-6
43.013807,-88.773986 ,-6
43.932836,-90.113984 ,-6
42.579703,-87.424898 ,-6
44.500949,-87.161813 ,-6
43.908222,-91.111758 ,-6
42.655578,-90.130292 ,-6
45.259204,-89.06819 ,-6
45.338319,-89.742082 ,-6
44.105108,-87.313828 ,-6
44.898036,-89.757823 ,-6
45.346899,-87.991198 ,-6
43.826053,-89.409095 ,-6
44.991304,-88.669251 ,-6
43.017655,-87.481575 ,-6
43.945175,-90.619969 ,-6
44.996575,-88.206516 ,-6
45.713791,-89.536693 ,-6
44.418226,-88.464988 ,-6
43.360715,-87.496553 ,-6
44.627436,-91.83489 ,-6
44.725337,-92.426279 ,-6
45.46803,-92.453154 ,-6
44.476246,-89.49807 ,-6
45.679072,-90.35965 ,-6
42.754075,-87.414676 ,-6
43.376199,-90.435693 ,-6
42.669931,-89.075119 ,-6
45.472734,-91.136745 ,-6
45.028959,-92.447284 ,-6
43.427998,-89.943329 ,-6
45.864913,-91.14713 ,-6
44.789641,-88.755813 ,-6
43.746002,-87.730546 ,-6
45.211656,-90.504853 ,-6
44.30305,-91.358867 ,-6
43.599858,-90.815226 ,-6
46.049848,-89.501254 ,-6
42.66811,-88.541731 ,-6
45.892463,-91.796423 ,-6
43.391156,-88.232917 ,-6
43.019308,-88.306707 ,-6
44.478004,-88.967006 ,-6
44.112825,-89.239752 ,-6
44.085707,-88.668149 ,-6
44.461413,-90.038825 ,-6
41.665514,-105.721883 ,-7
44.525654,-107.993321 ,-7
44.241321,-105.552029 ,-7
41.70359,-106.933153 ,-7
42.972839,-105.507367 ,-7
44.589266,-104.567298 ,-7
43.055303,-108.605531 ,-7
42.08958,-104.353482 ,-7
43.720871,-108.435652 ,-7
44.044048,-106.588541 ,-7
41.29283,-104.660395 ,-7
42.228788,-110.679842 ,-7
42.973641,-106.764877 ,-7
43.062159,-104.468373 ,-7
44.492387,-109.593598 ,-7
42.130319,-104.960809 ,-7
44.781369,-106.881211 ,-7
42.767928,-109.91617 ,-7
41.660339,-108.875676 ,-7
44.049321,-110.588102 ,-7
41.284726,-110.558947 ,-7
43.878831,-107.669052 ,-7
43.846213,-104.57002 ,-7